radius,pressure,mass,density,energy
0.00000000e+00,5.21783679e+33,0.00000000e+00,5.00000000e+17,5.96324205e+15
1.38600000e+01,5.21782558e+33,5.94580252e+21,4.99999609e+17,5.96323389e+15
2.77200000e+01,5.21779193e+33,4.75663460e+22,4.99998437e+17,5.96320942e+15
4.15800000e+01,5.21773585e+33,1.60536000e+23,4.99996483e+17,5.96316864e+15
5.54400000e+01,5.21765734e+33,3.80528394e+23,4.99993747e+17,5.96311154e+15
6.93000000e+01,5.21755640e+33,7.43216040e+23,4.99990229e+17,5.96303813e+15
8.31600000e+01,5.21743303e+33,1.28426997e+24,4.99985930e+17,5.96294840e+15
9.70200000e+01,5.21728723e+33,2.03935936e+24,4.99980850e+17,5.96284236e+15
1.10880000e+02,5.21711901e+33,3.04415117e+24,4.99974987e+17,5.96272001e+15
1.24740000e+02,5.21692836e+33,4.33430973e+24,4.99968343e+17,5.96258135e+15
1.38600000e+02,5.21671528e+33,5.94549644e+24,4.99960918e+17,5.96242637e+15
1.52460000e+02,5.21647979e+33,7.91336935e+24,4.99952711e+17,5.96225509e+15
1.66320000e+02,5.21622187e+33,1.02735828e+25,4.99943722e+17,5.96206749e+15
1.80180000e+02,5.21594153e+33,1.30617870e+25,4.99933951e+17,5.96186358e+15
1.94040000e+02,5.21563877e+33,1.63136278e+25,4.99923399e+17,5.96164336e+15
2.07900000e+02,5.21531360e+33,2.00647462e+25,4.99912065e+17,5.96140684e+15
2.21760000e+02,5.21496602e+33,2.43507779e+25,4.99899949e+17,5.96115400e+15
2.35620000e+02,5.21459603e+33,2.92073532e+25,4.99887052e+17,5.96088486e+15
2.49480000e+02,5.21420363e+33,3.46700964e+25,4.99873372e+17,5.96059941e+15
2.63340000e+02,5.21378882e+33,4.07746254e+25,4.99858912e+17,5.96029766e+15
2.77200000e+02,5.21335162e+33,4.75565516e+25,4.99843669e+17,5.95997959e+15
2.91060000e+02,5.21289202e+33,5.50514791e+25,4.99827645e+17,5.95964523e+15
3.04920000e+02,5.21241003e+33,6.32950049e+25,4.99810839e+17,5.95929456e+15
3.18780000e+02,5.21190564e+33,7.23227180e+25,4.99793251e+17,5.95892759e+15
3.32640000e+02,5.21137887e+33,8.21701992e+25,4.99774882e+17,5.95854432e+15
3.46500000e+02,5.21082972e+33,9.28730209e+25,4.99755731e+17,5.95814475e+15
3.60360000e+02,5.21025819e+33,1.04466747e+26,4.99735798e+17,5.95772888e+15
3.74220000e+02,5.20966428e+33,1.16986930e+26,4.99715083e+17,5.95729671e+15
3.88080000e+02,5.20904801e+33,1.30469117e+26,4.99693586e+17,5.95684825e+15
4.01940000e+02,5.20840937e+33,1.44948841e+26,4.99671308e+17,5.95638349e+15
4.15800000e+02,5.20774838e+33,1.60461626e+26,4.99648248e+17,5.95590244e+15
4.29660000e+02,5.20706503e+33,1.77042985e+26,4.99624406e+17,5.95540509e+15
4.43520000e+02,5.20635933e+33,1.94728422e+26,4.99599782e+17,5.95489146e+15
4.57380000e+02,5.20563129e+33,2.13553426e+26,4.99574376e+17,5.95436154e+15
4.71240000e+02,5.20488090e+33,2.33553477e+26,4.99548188e+17,5.95381533e+15
4.85100000e+02,5.20410819e+33,2.54764041e+26,4.99521219e+17,5.95325283e+15
4.98960000e+02,5.20331315e+33,2.77220572e+26,4.99493467e+17,5.95267405e+15
5.12820000e+02,5.20249579e+33,3.00958512e+26,4.99464934e+17,5.95207898e+15
5.26680000e+02,5.20165612e+33,3.26013287e+26,4.99435619e+17,5.95146764e+15
5.40540000e+02,5.20079414e+33,3.52420313e+26,4.99405522e+17,5.95084002e+15
5.54400000e+02,5.19990986e+33,3.80214988e+26,4.99374643e+17,5.95019612e+15
5.68260000e+02,5.19900328e+33,4.09432699e+26,4.99342981e+17,5.94953594e+15
5.82120000e+02,5.19807442e+33,4.40108816e+26,4.99310538e+17,5.94885950e+15
5.95980000e+02,5.19712327e+33,4.72278693e+26,4.99277313e+17,5.94816678e+15
6.09840000e+02,5.19614986e+33,5.05977672e+26,4.99243306e+17,5.94745779e+15
6.23700000e+02,5.19515417e+33,5.41241076e+26,4.99208517e+17,5.94673253e+15
6.37560000e+02,5.19413624e+33,5.78104212e+26,4.99172945e+17,5.94599101e+15
6.51420000e+02,5.19309605e+33,6.16602372e+26,4.99136592e+17,5.94523323e+15
6.65280000e+02,5.19203362e+33,6.56770828e+26,4.99099457e+17,5.94445919e+15
6.79140000e+02,5.19094895e+33,6.98644839e+26,4.99061539e+17,5.94366889e+15
6.93000000e+02,5.18984206e+33,7.42259641e+26,4.99022839e+17,5.94286233e+15
7.06860000e+02,5.18871295e+33,7.87650456e+26,4.98983357e+17,5.94203953e+15
7.20720000e+02,5.18756164e+33,8.34852486e+26,4.98943093e+17,5.94120047e+15
7.34580000e+02,5.18638813e+33,8.83900912e+26,4.98902047e+17,5.94034516e+15
7.48440000e+02,5.18519242e+33,9.34830900e+26,4.98860218e+17,5.93947360e+15
7.62300000e+02,5.18397453e+33,9.87677594e+26,4.98817607e+17,5.93858581e+15
7.76160000e+02,5.18273448e+33,1.04247612e+27,4.98774214e+17,5.93768177e+15
7.90020000e+02,5.18147226e+33,1.09926157e+27,4.98730039e+17,5.93676149e+15
8.03880000e+02,5.18018788e+33,1.15806904e+27,4.98685081e+17,5.93582498e+15
8.17740000e+02,5.17888137e+33,1.21893359e+27,4.98639341e+17,5.93487224e+15
8.31600000e+02,5.17755272e+33,1.28189026e+27,4.98592818e+17,5.93390327e+15
8.45460000e+02,5.17620195e+33,1.34697406e+27,4.98545513e+17,5.93291807e+15
8.59320000e+02,5.17482907e+33,1.41422000e+27,4.98497426e+17,5.93191665e+15
8.73180000e+02,5.17343408e+33,1.48366304e+27,4.98448556e+17,5.93089901e+15
8.87040000e+02,5.17201701e+33,1.55533813e+27,4.98398904e+17,5.92986515e+15
9.00900000e+02,5.17057785e+33,1.62928022e+27,4.98348469e+17,5.92881508e+15
9.14760000e+02,5.16911663e+33,1.70552418e+27,4.98297251e+17,5.92774879e+15
9.28620000e+02,5.16763334e+33,1.78410492e+27,4.98245252e+17,5.92666630e+15
9.42480000e+02,5.16612802e+33,1.86505728e+27,4.98192469e+17,5.92556760e+15
9.56340000e+02,5.16460065e+33,1.94841609e+27,4.98138904e+17,5.92445270e+15
9.70200000e+02,5.16305127e+33,2.03421615e+27,4.98084556e+17,5.92332160e+15
9.84060000e+02,5.16147987e+33,2.12249226e+27,4.98029425e+17,5.92217431e+15
9.97920000e+02,5.15988647e+33,2.21327915e+27,4.97973512e+17,5.92101082e+15
1.01178000e+03,5.15827109e+33,2.30661156e+27,4.97916816e+17,5.91983115e+15
1.02564000e+03,5.15663373e+33,2.40252418e+27,4.97859337e+17,5.91863529e+15
1.03950000e+03,5.15497441e+33,2.50105170e+27,4.97801076e+17,5.91742325e+15
1.05336000e+03,5.15329314e+33,2.60222876e+27,4.97742031e+17,5.91619504e+15
1.06722000e+03,5.15158993e+33,2.70608997e+27,4.97682204e+17,5.91495065e+15
1.08108000e+03,5.14986481e+33,2.81266992e+27,4.97621594e+17,5.91369009e+15
1.09494000e+03,5.14811777e+33,2.92200318e+27,4.97560201e+17,5.91241337e+15
1.10880000e+03,5.14634883e+33,3.03412428e+27,4.97498025e+17,5.91112048e+15
1.12266000e+03,5.14455802e+33,3.14906773e+27,4.97435065e+17,5.90981143e+15
1.13652000e+03,5.14274533e+33,3.26686799e+27,4.97371323e+17,5.90848623e+15
1.15038000e+03,5.14091079e+33,3.38755951e+27,4.97306798e+17,5.90714488e+15
1.16424000e+03,5.13905440e+33,3.51117671e+27,4.97241490e+17,5.90578739e+15
1.17810000e+03,5.13717620e+33,3.63775396e+27,4.97175398e+17,5.90441375e+15
1.19196000e+03,5.13527617e+33,3.76732563e+27,4.97108523e+17,5.90302397e+15
1.20582000e+03,5.13335435e+33,3.89992602e+27,4.97040865e+17,5.90161806e+15
1.21968000e+03,5.13141075e+33,4.03558943e+27,4.96972424e+17,5.90019601e+15
1.23354000e+03,5.12944538e+33,4.17435011e+27,4.96903199e+17,5.89875785e+15
1.24740000e+03,5.12745826e+33,4.31624229e+27,4.96833192e+17,5.89730356e+15
1.26126000e+03,5.12544940e+33,4.46130015e+27,4.96762400e+17,5.89583315e+15
1.27512000e+03,5.12341882e+33,4.60955787e+27,4.96690826e+17,5.89434663e+15
1.28898000e+03,5.12136653e+33,4.76104955e+27,4.96618467e+17,5.89284400e+15
1.30284000e+03,5.11929255e+33,4.91580928e+27,4.96545326e+17,5.89132527e+15
1.31670000e+03,5.11719689e+33,5.07387114e+27,4.96471401e+17,5.88979044e+15
1.33056000e+03,5.11507958e+33,5.23526912e+27,4.96396692e+17,5.88823952e+15
1.34442000e+03,5.11294063e+33,5.40003723e+27,4.96321199e+17,5.88667250e+15
1.35828000e+03,5.11078004e+33,5.56820940e+27,4.96244923e+17,5.88508940e+15
1.37214000e+03,5.10859785e+33,5.73981955e+27,4.96167864e+17,5.88349022e+15
1.38600000e+03,5.10639407e+33,5.91490157e+27,4.96090020e+17,5.88187497e+15
1.39986000e+03,5.10416871e+33,6.09348929e+27,4.96011393e+17,5.88024364e+15
1.41372000e+03,5.10192180e+33,6.27561651e+27,4.95931982e+17,5.87859625e+15
1.42758000e+03,5.09965334e+33,6.46131700e+27,4.95851787e+17,5.87693279e+15
1.44144000e+03,5.09736336e+33,6.65062450e+27,4.95770808e+17,5.87525328e+15
1.45530000e+03,5.09505187e+33,6.84357268e+27,4.95689045e+17,5.87355772e+15
1.46916000e+03,5.09271890e+33,7.04019521e+27,4.95606498e+17,5.87184611e+15
1.48302000e+03,5.09036446e+33,7.24052570e+27,4.95523167e+17,5.87011846e+15
1.49688000e+03,5.08798856e+33,7.44459771e+27,4.95439051e+17,5.86837478e+15
1.51074000e+03,5.08559123e+33,7.65244480e+27,4.95354152e+17,5.86661507e+15
1.52460000e+03,5.08317249e+33,7.86410044e+27,4.95268468e+17,5.86483933e+15
1.53846000e+03,5.08073234e+33,8.07959810e+27,4.95182001e+17,5.86304757e+15
1.55232000e+03,5.07827083e+33,8.29897119e+27,4.95094749e+17,5.86123980e+15
1.56618000e+03,5.07578795e+33,8.52225308e+27,4.95006712e+17,5.85941602e+15
1.58004000e+03,5.07328373e+33,8.74947711e+27,4.94917891e+17,5.85757623e+15
1.59390000e+03,5.07075819e+33,8.98067656e+27,4.94828286e+17,5.85572045e+15
1.60776000e+03,5.06821136e+33,9.21588468e+27,4.94737896e+17,5.85384867e+15
1.62162000e+03,5.06564324e+33,9.45513467e+27,4.94646722e+17,5.85196091e+15
1.63548000e+03,5.06305386e+33,9.69845970e+27,4.94554763e+17,5.85005717e+15
1.64934000e+03,5.06044324e+33,9.94589289e+27,4.94462019e+17,5.84813745e+15
1.66320000e+03,5.05781139e+33,1.01974673e+28,4.94368491e+17,5.84620176e+15
1.67706000e+03,5.05515835e+33,1.04532160e+28,4.94274177e+17,5.84425011e+15
1.69092000e+03,5.05248413e+33,1.07131719e+28,4.94179079e+17,5.84228250e+15
1.70478000e+03,5.04978874e+33,1.09773681e+28,4.94083196e+17,5.84029894e+15
1.71864000e+03,5.04707222e+33,1.12458373e+28,4.93986529e+17,5.83829943e+15
1.73250000e+03,5.04433458e+33,1.15186124e+28,4.93889076e+17,5.83628398e+15
1.74636000e+03,5.04157584e+33,1.17957263e+28,4.93790838e+17,5.83425260e+15
1.76022000e+03,5.03879603e+33,1.20772118e+28,4.93691815e+17,5.83220529e+15
1.77408000e+03,5.03599516e+33,1.23631014e+28,4.93592007e+17,5.83014206e+15
1.78794000e+03,5.03317326e+33,1.26534279e+28,4.93491414e+17,5.82806292e+15
1.80180000e+03,5.03033035e+33,1.29482239e+28,4.93390035e+17,5.82596786e+15
1.81566000e+03,5.02746646e+33,1.32475220e+28,4.93287871e+17,5.82385690e+15
1.82952000e+03,5.02458159e+33,1.35513548e+28,4.93184922e+17,5.82173005e+15
1.84338000e+03,5.02167578e+33,1.38597545e+28,4.93081187e+17,5.81958731e+15
1.85724000e+03,5.01874905e+33,1.41727538e+28,4.92976667e+17,5.81742868e+15
1.87110000e+03,5.01580142e+33,1.44903850e+28,4.92871361e+17,5.81525418e+15
1.88496000e+03,5.01283292e+33,1.48126804e+28,4.92765270e+17,5.81306380e+15
1.89882000e+03,5.00984356e+33,1.51396722e+28,4.92658393e+17,5.81085756e+15
1.91268000e+03,5.00683337e+33,1.54713928e+28,4.92550730e+17,5.80863547e+15
1.92654000e+03,5.00380237e+33,1.58078743e+28,4.92442281e+17,5.80639752e+15
1.94040000e+03,5.00075059e+33,1.61491488e+28,4.92333047e+17,5.80414373e+15
1.95426000e+03,4.99767805e+33,1.64952483e+28,4.92223026e+17,5.80187410e+15
1.96812000e+03,4.99458477e+33,1.68462050e+28,4.92112220e+17,5.79958865e+15
1.98198000e+03,4.99147079e+33,1.72020508e+28,4.92000627e+17,5.79728737e+15
1.99584000e+03,4.98833611e+33,1.75628176e+28,4.91888248e+17,5.79497027e+15
2.00970000e+03,4.98518077e+33,1.79285373e+28,4.91775084e+17,5.79263737e+15
2.02356000e+03,4.98200479e+33,1.82992416e+28,4.91661132e+17,5.79028866e+15
2.03742000e+03,4.97880820e+33,1.86749624e+28,4.91546395e+17,5.78792416e+15
2.05128000e+03,4.97559101e+33,1.90557314e+28,4.91430871e+17,5.78554387e+15
2.06514000e+03,4.97235326e+33,1.94415802e+28,4.91314561e+17,5.78314780e+15
2.07900000e+03,4.96909497e+33,1.98325403e+28,4.91197464e+17,5.78073596e+15
2.09286000e+03,4.96581617e+33,2.02286434e+28,4.91079580e+17,5.77830835e+15
2.10672000e+03,4.96251687e+33,2.06299210e+28,4.90960910e+17,5.77586498e+15
2.12058000e+03,4.95919712e+33,2.10364043e+28,4.90841453e+17,5.77340586e+15
2.13444000e+03,4.95585692e+33,2.14481250e+28,4.90721210e+17,5.77093100e+15
2.14830000e+03,4.95249631e+33,2.18651142e+28,4.90600179e+17,5.76844040e+15
2.16216000e+03,4.94911532e+33,2.22874032e+28,4.90478362e+17,5.76593407e+15
2.17602000e+03,4.94571396e+33,2.27150232e+28,4.90355757e+17,5.76341202e+15
2.18988000e+03,4.94229228e+33,2.31480054e+28,4.90232366e+17,5.76087426e+15
2.20374000e+03,4.93885028e+33,2.35863809e+28,4.90108187e+17,5.75832079e+15
2.21760000e+03,4.93538801e+33,2.40301806e+28,4.89983221e+17,5.75575162e+15
2.23146000e+03,4.93190548e+33,2.44794357e+28,4.89857468e+17,5.75316676e+15
2.24532000e+03,4.92840272e+33,2.49341769e+28,4.89730927e+17,5.75056623e+15
2.25918000e+03,4.92487977e+33,2.53944351e+28,4.89603599e+17,5.74795001e+15
2.27304000e+03,4.92133664e+33,2.58602412e+28,4.89475483e+17,5.74531813e+15
2.28690000e+03,4.91777337e+33,2.63316258e+28,4.89346580e+17,5.74267059e+15
2.30076000e+03,4.91418999e+33,2.68086197e+28,4.89216889e+17,5.74000740e+15
2.31462000e+03,4.91058651e+33,2.72912534e+28,4.89086410e+17,5.73732857e+15
2.32848000e+03,4.90696297e+33,2.77795575e+28,4.88955143e+17,5.73463411e+15
2.34234000e+03,4.90331940e+33,2.82735626e+28,4.88823089e+17,5.73192401e+15
2.35620000e+03,4.89965583e+33,2.87732989e+28,4.88690246e+17,5.72919830e+15
2.37006000e+03,4.89597228e+33,2.92787970e+28,4.88556616e+17,5.72645698e+15
2.38392000e+03,4.89226878e+33,2.97900870e+28,4.88422197e+17,5.72370006e+15
2.39778000e+03,4.88854537e+33,3.03071993e+28,4.88286990e+17,5.72092755e+15
2.41164000e+03,4.88480206e+33,3.08301640e+28,4.88150995e+17,5.71813945e+15
2.42550000e+03,4.88103889e+33,3.13590113e+28,4.88014211e+17,5.71533578e+15
2.43936000e+03,4.87725590e+33,3.18937711e+28,4.87876639e+17,5.71251654e+15
2.45322000e+03,4.87345310e+33,3.24344735e+28,4.87738278e+17,5.70968174e+15
2.46708000e+03,4.86963053e+33,3.29811484e+28,4.87599129e+17,5.70683139e+15
2.48094000e+03,4.86578821e+33,3.35338257e+28,4.87459191e+17,5.70396550e+15
2.49480000e+03,4.86192619e+33,3.40925351e+28,4.87318464e+17,5.70108408e+15
2.50866000e+03,4.85804448e+33,3.46573063e+28,4.87176948e+17,5.69818713e+15
2.52252000e+03,4.85414312e+33,3.52281691e+28,4.87034643e+17,5.69527467e+15
2.53638000e+03,4.85022213e+33,3.58051530e+28,4.86891549e+17,5.69234671e+15
2.55024000e+03,4.84628156e+33,3.63882876e+28,4.86747666e+17,5.68940324e+15
2.56410000e+03,4.84232143e+33,3.69776023e+28,4.86602994e+17,5.68644429e+15
2.57796000e+03,4.83834176e+33,3.75731264e+28,4.86457532e+17,5.68346986e+15
2.59182000e+03,4.83434260e+33,3.81748894e+28,4.86311281e+17,5.68047996e+15
2.60568000e+03,4.83032397e+33,3.87829205e+28,4.86164240e+17,5.67747460e+15
2.61954000e+03,4.82628590e+33,3.93972488e+28,4.86016410e+17,5.67445378e+15
2.63340000e+03,4.82222843e+33,4.00179035e+28,4.85867790e+17,5.67141753e+15
2.64726000e+03,4.81815158e+33,4.06449136e+28,4.85718380e+17,5.66836584e+15
2.66112000e+03,4.81405540e+33,4.12783081e+28,4.85568181e+17,5.66529873e+15
2.67498000e+03,4.80993990e+33,4.19181159e+28,4.85417191e+17,5.66221620e+15
2.68884000e+03,4.80580513e+33,4.25643659e+28,4.85265412e+17,5.65911827e+15
2.70270000e+03,4.80165111e+33,4.32170868e+28,4.85112842e+17,5.65600494e+15
2.71656000e+03,4.79747788e+33,4.38763073e+28,4.84959482e+17,5.65287623e+15
2.73042000e+03,4.79328547e+33,4.45420561e+28,4.84805332e+17,5.64973214e+15
2.74428000e+03,4.78907391e+33,4.52143616e+28,4.84650391e+17,5.64657269e+15
2.75814000e+03,4.78484324e+33,4.58932524e+28,4.84494660e+17,5.64339788e+15
2.77200000e+03,4.78059348e+33,4.65787568e+28,4.84338138e+17,5.64020772e+15
2.78586000e+03,4.77632468e+33,4.72709033e+28,4.84180825e+17,5.63700222e+15
2.79972000e+03,4.77203687e+33,4.79697200e+28,4.84022722e+17,5.63378140e+15
2.81358000e+03,4.76773007e+33,4.86752352e+28,4.83863827e+17,5.63054526e+15
2.82744000e+03,4.76340432e+33,4.93874769e+28,4.83704142e+17,5.62729381e+15
2.84130000e+03,4.75905966e+33,5.01064732e+28,4.83543666e+17,5.62402707e+15
2.85516000e+03,4.75469612e+33,5.08322522e+28,4.83382398e+17,5.62074504e+15
2.86902000e+03,4.75031374e+33,5.15648415e+28,4.83220339e+17,5.61744773e+15
2.88288000e+03,4.74591254e+33,5.23042691e+28,4.83057488e+17,5.61413515e+15
2.89674000e+03,4.74149257e+33,5.30505627e+28,4.82893846e+17,5.61080732e+15
2.91060000e+03,4.73705386e+33,5.38037500e+28,4.82729413e+17,5.60746424e+15
2.92446000e+03,4.73259644e+33,5.45638585e+28,4.82564188e+17,5.60410592e+15
2.93832000e+03,4.72812034e+33,5.53309158e+28,4.82398170e+17,5.60073238e+15
2.95218000e+03,4.72362561e+33,5.61049493e+28,4.82231361e+17,5.59734362e+15
2.96604000e+03,4.71911227e+33,5.68859862e+28,4.82063760e+17,5.59393966e+15
2.97990000e+03,4.71458037e+33,5.76740540e+28,4.81895367e+17,5.59052050e+15
2.99376000e+03,4.71002994e+33,5.84691798e+28,4.81726181e+17,5.58708616e+15
3.00762000e+03,4.70546101e+33,5.92713907e+28,4.81556204e+17,5.58363664e+15
3.02148000e+03,4.70087362e+33,6.00807138e+28,4.81385433e+17,5.58017196e+15
3.03534000e+03,4.69626781e+33,6.08971760e+28,4.81213870e+17,5.57669213e+15
3.04920000e+03,4.69164361e+33,6.17208042e+28,4.81041515e+17,5.57319716e+15
3.06306000e+03,4.68700105e+33,6.25516251e+28,4.80868366e+17,5.56968706e+15
3.07692000e+03,4.68234019e+33,6.33896656e+28,4.80694425e+17,5.56616184e+15
3.09078000e+03,4.67766104e+33,6.42349522e+28,4.80519691e+17,5.56262151e+15
3.10464000e+03,4.67296365e+33,6.50875115e+28,4.80344163e+17,5.55906608e+15
3.11850000e+03,4.66824806e+33,6.59473699e+28,4.80167843e+17,5.55549557e+15
3.13236000e+03,4.66351430e+33,6.68145540e+28,4.79990729e+17,5.55190998e+15
3.14622000e+03,4.65876241e+33,6.76890899e+28,4.79812821e+17,5.54830932e+15
3.16008000e+03,4.65399242e+33,6.85710039e+28,4.79634120e+17,5.54469361e+15
3.17394000e+03,4.64920438e+33,6.94603221e+28,4.79454625e+17,5.54106286e+15
3.18780000e+03,4.64439833e+33,7.03570707e+28,4.79274337e+17,5.53741708e+15
3.20166000e+03,4.63957429e+33,7.12612755e+28,4.79093254e+17,5.53375628e+15
3.21552000e+03,4.63473230e+33,7.21729625e+28,4.78911378e+17,5.53008047e+15
3.22938000e+03,4.62987242e+33,7.30921575e+28,4.78728707e+17,5.52638967e+15
3.24324000e+03,4.62499467e+33,7.40188861e+28,4.78545242e+17,5.52268388e+15
3.25710000e+03,4.62009909e+33,7.49531742e+28,4.78360983e+17,5.51896312e+15
3.27096000e+03,4.61518572e+33,7.58950471e+28,4.78175929e+17,5.51522739e+15
3.28482000e+03,4.61025460e+33,7.68445303e+28,4.77990080e+17,5.51147672e+15
3.29868000e+03,4.60530577e+33,7.78016493e+28,4.77803437e+17,5.50771110e+15
3.31254000e+03,4.60033926e+33,7.87664293e+28,4.77615999e+17,5.50393056e+15
3.32640000e+03,4.59535512e+33,7.97388956e+28,4.77427766e+17,5.50013510e+15
3.34026000e+03,4.59035339e+33,8.07190732e+28,4.77238738e+17,5.49632474e+15
3.35412000e+03,4.58533410e+33,8.17069872e+28,4.77048914e+17,5.49249949e+15
3.36798000e+03,4.58029730e+33,8.27026625e+28,4.76858295e+17,5.48865936e+15
3.38184000e+03,4.57524303e+33,8.37061240e+28,4.76666881e+17,5.48480436e+15
3.39570000e+03,4.57017131e+33,8.47173965e+28,4.76474671e+17,5.48093451e+15
3.40956000e+03,4.56508220e+33,8.57365046e+28,4.76281665e+17,5.47704981e+15
3.42342000e+03,4.55997574e+33,8.67634729e+28,4.76087863e+17,5.47315028e+15
3.43728000e+03,4.55485196e+33,8.77983259e+28,4.75893266e+17,5.46923593e+15
3.45114000e+03,4.54971090e+33,8.88410881e+28,4.75697872e+17,5.46530678e+15
3.46500000e+03,4.54455262e+33,8.98917836e+28,4.75501682e+17,5.46136283e+15
3.47886000e+03,4.53937713e+33,9.09504369e+28,4.75304695e+17,5.45740410e+15
3.49272000e+03,4.53418450e+33,9.20170719e+28,4.75106912e+17,5.45343060e+15
3.50658000e+03,4.52897476e+33,9.30917128e+28,4.74908332e+17,5.44944234e+15
3.52044000e+03,4.52374794e+33,9.41743835e+28,4.74708956e+17,5.44543934e+15
3.53430000e+03,4.51850409e+33,9.52651078e+28,4.74508783e+17,5.44142160e+15
3.54816000e+03,4.51324326e+33,9.63639096e+28,4.74307812e+17,5.43738915e+15
3.56202000e+03,4.50796549e+33,9.74708124e+28,4.74106044e+17,5.43334199e+15
3.57588000e+03,4.50267080e+33,9.85858400e+28,4.73903479e+17,5.42928013e+15
3.58974000e+03,4.49735926e+33,9.97090156e+28,4.73700117e+17,5.42520360e+15
3.60360000e+03,4.49203090e+33,1.00840363e+29,4.73495957e+17,5.42111239e+15
3.61746000e+03,4.48668576e+33,1.01979905e+29,4.73290999e+17,5.41700653e+15
3.63132000e+03,4.48132388e+33,1.03127665e+29,4.73085243e+17,5.41288603e+15
3.64518000e+03,4.47594531e+33,1.04283666e+29,4.72878689e+17,5.40875089e+15
3.65904000e+03,4.47055009e+33,1.05447932e+29,4.72671338e+17,5.40460114e+15
3.67290000e+03,4.46513826e+33,1.06620484e+29,4.72463187e+17,5.40043679e+15
3.68676000e+03,4.45970987e+33,1.07801347e+29,4.72254239e+17,5.39625784e+15
3.70062000e+03,4.45426496e+33,1.08990542e+29,4.72044491e+17,5.39206432e+15
3.71448000e+03,4.44880356e+33,1.10188092e+29,4.71833945e+17,5.38785624e+15
3.72834000e+03,4.44332574e+33,1.11394021e+29,4.71622600e+17,5.38363360e+15
3.74220000e+03,4.43783152e+33,1.12608349e+29,4.71410456e+17,5.37939643e+15
3.75606000e+03,4.43232095e+33,1.13831100e+29,4.71197513e+17,5.37514473e+15
3.76992000e+03,4.42679408e+33,1.15062296e+29,4.70983771e+17,5.37087852e+15
3.78378000e+03,4.42125095e+33,1.16301958e+29,4.70769229e+17,5.36659782e+15
3.79764000e+03,4.41569161e+33,1.17550110e+29,4.70553888e+17,5.36230263e+15
3.81150000e+03,4.41011609e+33,1.18806773e+29,4.70337746e+17,5.35799297e+15
3.82536000e+03,4.40452444e+33,1.20071968e+29,4.70120805e+17,5.35366885e+15
3.83922000e+03,4.39891672e+33,1.21345718e+29,4.69903064e+17,5.34933029e+15
3.85308000e+03,4.39329295e+33,1.22628044e+29,4.69684522e+17,5.34497731e+15
3.86694000e+03,4.38765319e+33,1.23918967e+29,4.69465180e+17,5.34060991e+15
3.88080000e+03,4.38199748e+33,1.25218510e+29,4.69245038e+17,5.33622810e+15
3.89466000e+03,4.37632587e+33,1.26526693e+29,4.69024095e+17,5.33183191e+15
3.90852000e+03,4.37063839e+33,1.27843538e+29,4.68802351e+17,5.32742135e+15
3.92238000e+03,4.36493511e+33,1.29169066e+29,4.68579806e+17,5.32299643e+15
3.93624000e+03,4.35921606e+33,1.30503297e+29,4.68356460e+17,5.31855716e+15
3.95010000e+03,4.35348128e+33,1.31846254e+29,4.68132313e+17,5.31410356e+15
3.96396000e+03,4.34773083e+33,1.33197955e+29,4.67907364e+17,5.30963565e+15
3.97782000e+03,4.34196475e+33,1.34558424e+29,4.67681613e+17,5.30515343e+15
3.99168000e+03,4.33618309e+33,1.35927679e+29,4.67455061e+17,5.30065692e+15
4.00554000e+03,4.33038588e+33,1.37305741e+29,4.67227707e+17,5.29614614e+15
4.01940000e+03,4.32457319e+33,1.38692631e+29,4.66999551e+17,5.29162110e+15
4.03326000e+03,4.31874504e+33,1.40088370e+29,4.66770592e+17,5.28708182e+15
4.04712000e+03,4.31290150e+33,1.41492977e+29,4.66540831e+17,5.28252830e+15
4.06098000e+03,4.30704261e+33,1.42906472e+29,4.66310267e+17,5.27796057e+15
4.07484000e+03,4.30116841e+33,1.44328875e+29,4.66078901e+17,5.27337864e+15
4.08870000e+03,4.29527895e+33,1.45760207e+29,4.65846732e+17,5.26878252e+15
4.10256000e+03,4.28937429e+33,1.47200487e+29,4.65613759e+17,5.26417223e+15
4.11642000e+03,4.28345445e+33,1.48649735e+29,4.65379983e+17,5.25954778e+15
4.13028000e+03,4.27751950e+33,1.50107970e+29,4.65145404e+17,5.25490919e+15
4.14414000e+03,4.27156949e+33,1.51575212e+29,4.64910022e+17,5.25025647e+15
4.15800000e+03,4.26560445e+33,1.53051479e+29,4.64673835e+17,5.24558964e+15
4.17186000e+03,4.25962443e+33,1.54536792e+29,4.64436844e+17,5.24090871e+15
4.18572000e+03,4.25362949e+33,1.56031170e+29,4.64199050e+17,5.23621370e+15
4.19958000e+03,4.24761967e+33,1.57534631e+29,4.63960451e+17,5.23150462e+15
4.21344000e+03,4.24159503e+33,1.59047194e+29,4.63721047e+17,5.22678149e+15
4.22730000e+03,4.23555560e+33,1.60568878e+29,4.63480839e+17,5.22204432e+15
4.24116000e+03,4.22950144e+33,1.62099702e+29,4.63239826e+17,5.21729313e+15
4.25502000e+03,4.22343259e+33,1.63639685e+29,4.62998008e+17,5.21252793e+15
4.26888000e+03,4.21734911e+33,1.65188844e+29,4.62755385e+17,5.20774874e+15
4.28274000e+03,4.21125104e+33,1.66747199e+29,4.62511957e+17,5.20295558e+15
4.29660000e+03,4.20513844e+33,1.68314767e+29,4.62267723e+17,5.19814846e+15
4.31046000e+03,4.19901134e+33,1.69891567e+29,4.62022683e+17,5.19332739e+15
4.32432000e+03,4.19286981e+33,1.71477616e+29,4.61776837e+17,5.18849239e+15
4.33818000e+03,4.18671389e+33,1.73072933e+29,4.61530186e+17,5.18364347e+15
4.35204000e+03,4.18054362e+33,1.74677535e+29,4.61282727e+17,5.17878066e+15
4.36590000e+03,4.17435907e+33,1.76291440e+29,4.61034463e+17,5.17390397e+15
4.37976000e+03,4.16816027e+33,1.77914665e+29,4.60785392e+17,5.16901341e+15
4.39362000e+03,4.16194729e+33,1.79547229e+29,4.60535514e+17,5.16410900e+15
4.40748000e+03,4.15572016e+33,1.81189148e+29,4.60284829e+17,5.15919076e+15
4.42134000e+03,4.14947894e+33,1.82840439e+29,4.60033336e+17,5.15425869e+15
4.43520000e+03,4.14322368e+33,1.84501120e+29,4.59781037e+17,5.14931283e+15
4.44906000e+03,4.13695443e+33,1.86171207e+29,4.59527929e+17,5.14435317e+15
4.46292000e+03,4.13067124e+33,1.87850718e+29,4.59274014e+17,5.13937975e+15
4.47678000e+03,4.12437416e+33,1.89539670e+29,4.59019291e+17,5.13439257e+15
4.49064000e+03,4.11806325e+33,1.91238078e+29,4.58763760e+17,5.12939165e+15
4.50450000e+03,4.11173855e+33,1.92945959e+29,4.58507420e+17,5.12437701e+15
4.51836000e+03,4.10540011e+33,1.94663331e+29,4.58250272e+17,5.11934867e+15
4.53222000e+03,4.09904798e+33,1.96390208e+29,4.57992315e+17,5.11430664e+15
4.54608000e+03,4.09268223e+33,1.98126608e+29,4.57733549e+17,5.10925093e+15
4.55994000e+03,4.08630289e+33,1.99872546e+29,4.57473973e+17,5.10418157e+15
4.57380000e+03,4.07991002e+33,2.01628038e+29,4.57213589e+17,5.09909856e+15
4.58766000e+03,4.07350367e+33,2.03393101e+29,4.56952395e+17,5.09400194e+15
4.60152000e+03,4.06708390e+33,2.05167749e+29,4.56690391e+17,5.08889171e+15
4.61538000e+03,4.06065075e+33,2.06951998e+29,4.56427577e+17,5.08376788e+15
4.62924000e+03,4.05420427e+33,2.08745865e+29,4.56163953e+17,5.07863049e+15
4.64310000e+03,4.04774453e+33,2.10549363e+29,4.55899518e+17,5.07347954e+15
4.65696000e+03,4.04127157e+33,2.12362509e+29,4.55634273e+17,5.06831504e+15
4.67082000e+03,4.03478544e+33,2.14185317e+29,4.55368217e+17,5.06313703e+15
4.68468000e+03,4.02828620e+33,2.16017803e+29,4.55101350e+17,5.05794551e+15
4.69854000e+03,4.02177390e+33,2.17859981e+29,4.54833672e+17,5.05274050e+15
4.71240000e+03,4.01524859e+33,2.19711865e+29,4.54565182e+17,5.04752202e+15
4.72626000e+03,4.00871033e+33,2.21573472e+29,4.54295880e+17,5.04229009e+15
4.74012000e+03,4.00215916e+33,2.23444814e+29,4.54025767e+17,5.03704472e+15
4.75398000e+03,3.99559515e+33,2.25325907e+29,4.53754842e+17,5.03178593e+15
4.76784000e+03,3.98901834e+33,2.27216765e+29,4.53483104e+17,5.02651374e+15
4.78170000e+03,3.98242879e+33,2.29117401e+29,4.53210554e+17,5.02122816e+15
4.79556000e+03,3.97582655e+33,2.31027830e+29,4.52937191e+17,5.01592922e+15
4.80942000e+03,3.96921168e+33,2.32948066e+29,4.52663015e+17,5.01061692e+15
4.82328000e+03,3.96258423e+33,2.34878122e+29,4.52388026e+17,5.00529129e+15
4.83714000e+03,3.95594425e+33,2.36818012e+29,4.52112223e+17,4.99995235e+15
4.85100000e+03,3.94929180e+33,2.38767750e+29,4.51835607e+17,4.99460011e+15
4.86486000e+03,3.94262693e+33,2.40727348e+29,4.51558177e+17,4.98923459e+15
4.87872000e+03,3.93594970e+33,2.42696821e+29,4.51279933e+17,4.98385581e+15
4.89258000e+03,3.92926015e+33,2.44676180e+29,4.51000874e+17,4.97846378e+15
4.90644000e+03,3.92255836e+33,2.46665440e+29,4.50721001e+17,4.97305853e+15
4.92030000e+03,3.91584436e+33,2.48664613e+29,4.50440313e+17,4.96764007e+15
4.93416000e+03,3.90911822e+33,2.50673711e+29,4.50158811e+17,4.96220841e+15
4.94802000e+03,3.90237998e+33,2.52692748e+29,4.49876493e+17,4.95676359e+15
4.96188000e+03,3.89562971e+33,2.54721736e+29,4.49593359e+17,4.95130561e+15
4.97574000e+03,3.88886746e+33,2.56760686e+29,4.49309410e+17,4.94583450e+15
4.98960000e+03,3.88209329e+33,2.58809613e+29,4.49024644e+17,4.94035027e+15
5.00346000e+03,3.87530724e+33,2.60868526e+29,4.48739063e+17,4.93485293e+15
5.01732000e+03,3.86850938e+33,2.62937439e+29,4.48452665e+17,4.92934252e+15
5.03118000e+03,3.86169977e+33,2.65016363e+29,4.48165451e+17,4.92381904e+15
5.04504000e+03,3.85487845e+33,2.67105310e+29,4.47877419e+17,4.91828252e+15
5.05890000e+03,3.84804548e+33,2.69204291e+29,4.47588571e+17,4.91273298e+15
5.07276000e+03,3.84120092e+33,2.71313319e+29,4.47298905e+17,4.90717042e+15
5.08662000e+03,3.83434483e+33,2.73432403e+29,4.47008421e+17,4.90159488e+15
5.10048000e+03,3.82747726e+33,2.75561556e+29,4.46717120e+17,4.89600637e+15
5.11434000e+03,3.82059826e+33,2.77700788e+29,4.46425000e+17,4.89040490e+15
5.12820000e+03,3.81370791e+33,2.79850111e+29,4.46132062e+17,4.88479050e+15
5.14206000e+03,3.80680624e+33,2.82009534e+29,4.45838305e+17,4.87916319e+15
5.15592000e+03,3.79989331e+33,2.84179069e+29,4.45543730e+17,4.87352298e+15
5.16978000e+03,3.79296920e+33,2.86358727e+29,4.45248335e+17,4.86786990e+15
5.18364000e+03,3.78603394e+33,2.88548516e+29,4.44952121e+17,4.86220396e+15
5.19750000e+03,3.77908760e+33,2.90748449e+29,4.44655087e+17,4.85652518e+15
5.21136000e+03,3.77213024e+33,2.92958535e+29,4.44357234e+17,4.85083358e+15
5.22522000e+03,3.76516191e+33,2.95178783e+29,4.44058560e+17,4.84512919e+15
5.23908000e+03,3.75818267e+33,2.97409204e+29,4.43759066e+17,4.83941201e+15
5.25294000e+03,3.75119257e+33,2.99649807e+29,4.43458751e+17,4.83368207e+15
5.26680000e+03,3.74419168e+33,3.01900603e+29,4.43157615e+17,4.82793939e+15
5.28066000e+03,3.73718006e+33,3.04161599e+29,4.42855658e+17,4.82218398e+15
5.29452000e+03,3.73015775e+33,3.06432807e+29,4.42552879e+17,4.81641587e+15
5.30838000e+03,3.72312482e+33,3.08714234e+29,4.42249279e+17,4.81063508e+15
5.32224000e+03,3.71608133e+33,3.11005889e+29,4.41944857e+17,4.80484163e+15
5.33610000e+03,3.70902733e+33,3.13307783e+29,4.41639612e+17,4.79903553e+15
5.34996000e+03,3.70196288e+33,3.15619923e+29,4.41333545e+17,4.79321680e+15
5.36382000e+03,3.69488805e+33,3.17942317e+29,4.41026655e+17,4.78738547e+15
5.37768000e+03,3.68780289e+33,3.20274975e+29,4.40718942e+17,4.78154155e+15
5.39154000e+03,3.68070745e+33,3.22617905e+29,4.40410405e+17,4.77568507e+15
5.40540000e+03,3.67360180e+33,3.24971115e+29,4.40101045e+17,4.76981604e+15
5.41926000e+03,3.66648599e+33,3.27334613e+29,4.39790861e+17,4.76393449e+15
5.43312000e+03,3.65936009e+33,3.29708406e+29,4.39479853e+17,4.75804043e+15
5.44698000e+03,3.65222415e+33,3.32092503e+29,4.39168020e+17,4.75213389e+15
5.46084000e+03,3.64507824e+33,3.34486912e+29,4.38855362e+17,4.74621488e+15
5.47470000e+03,3.63792241e+33,3.36891638e+29,4.38541880e+17,4.74028342e+15
5.48856000e+03,3.63075671e+33,3.39306691e+29,4.38227572e+17,4.73433954e+15
5.50242000e+03,3.62358122e+33,3.41732078e+29,4.37912438e+17,4.72838326e+15
5.51628000e+03,3.61639599e+33,3.44167804e+29,4.37596478e+17,4.72241459e+15
5.53014000e+03,3.60920108e+33,3.46613877e+29,4.37279692e+17,4.71643356e+15
5.54400000e+03,3.60199654e+33,3.49070305e+29,4.36962080e+17,4.71044018e+15
5.55786000e+03,3.59478245e+33,3.51537093e+29,4.36643641e+17,4.70443448e+15
5.57172000e+03,3.58755885e+33,3.54014247e+29,4.36324375e+17,4.69841648e+15
5.58558000e+03,3.58032582e+33,3.56501776e+29,4.36004281e+17,4.69238619e+15
5.59944000e+03,3.57308340e+33,3.58999683e+29,4.35683359e+17,4.68634365e+15
5.61330000e+03,3.56583167e+33,3.61507976e+29,4.35361610e+17,4.68028887e+15
5.62716000e+03,3.55857067e+33,3.64026661e+29,4.35039032e+17,4.67422186e+15
5.64102000e+03,3.55130047e+33,3.66555743e+29,4.34715626e+17,4.66814266e+15
5.65488000e+03,3.54402114e+33,3.69095227e+29,4.34391391e+17,4.66205128e+15
5.66874000e+03,3.53673273e+33,3.71645120e+29,4.34066326e+17,4.65594774e+15
5.68260000e+03,3.52943530e+33,3.74205426e+29,4.33740432e+17,4.64983207e+15
5.69646000e+03,3.52212891e+33,3.76776151e+29,4.33413708e+17,4.64370428e+15
5.71032000e+03,3.51481363e+33,3.79357300e+29,4.33086154e+17,4.63756440e+15
5.72418000e+03,3.50748951e+33,3.81948877e+29,4.32757769e+17,4.63141245e+15
5.73804000e+03,3.50015662e+33,3.84550887e+29,4.32428554e+17,4.62524845e+15
5.75190000e+03,3.49281502e+33,3.87163336e+29,4.32098507e+17,4.61907242e+15
5.76576000e+03,3.48546477e+33,3.89786226e+29,4.31767630e+17,4.61288438e+15
5.77962000e+03,3.47810592e+33,3.92419563e+29,4.31435920e+17,4.60668435e+15
5.79348000e+03,3.47073856e+33,3.95063351e+29,4.31103378e+17,4.60047236e+15
5.80734000e+03,3.46336272e+33,3.97717594e+29,4.30770004e+17,4.59424842e+15
5.82120000e+03,3.45597848e+33,4.00382295e+29,4.30435797e+17,4.58801257e+15
5.83506000e+03,3.44858590e+33,4.03057458e+29,4.30100757e+17,4.58176481e+15
5.84892000e+03,3.44118504e+33,4.05743087e+29,4.29764884e+17,4.57550518e+15
5.86278000e+03,3.43377596e+33,4.08439184e+29,4.29428177e+17,4.56923369e+15
5.87664000e+03,3.42635873e+33,4.11145754e+29,4.29090636e+17,4.56295036e+15
5.89050000e+03,3.41893340e+33,4.13862800e+29,4.28752260e+17,4.55665523e+15
5.90436000e+03,3.41150004e+33,4.16590323e+29,4.28413050e+17,4.55034830e+15
5.91822000e+03,3.40405871e+33,4.19328328e+29,4.28073005e+17,4.54402960e+15
5.93208000e+03,3.39660947e+33,4.22076816e+29,4.27732124e+17,4.53769916e+15
5.94594000e+03,3.38915240e+33,4.24835790e+29,4.27390408e+17,4.53135699e+15
5.95980000e+03,3.38168754e+33,4.27605253e+29,4.27047855e+17,4.52500312e+15
5.97366000e+03,3.37421496e+33,4.30385206e+29,4.26704466e+17,4.51863758e+15
5.98752000e+03,3.36673473e+33,4.33175651e+29,4.26360240e+17,4.51226037e+15
6.00138000e+03,3.35924690e+33,4.35976591e+29,4.26015177e+17,4.50587153e+15
6.01524000e+03,3.35175155e+33,4.38788027e+29,4.25669277e+17,4.49947108e+15
6.02910000e+03,3.34424873e+33,4.41609961e+29,4.25322538e+17,4.49305904e+15
6.04296000e+03,3.33673851e+33,4.44442393e+29,4.24974962e+17,4.48663543e+15
6.05682000e+03,3.32922095e+33,4.47285325e+29,4.24626547e+17,4.48020028e+15
6.07068000e+03,3.32169612e+33,4.50138759e+29,4.24277293e+17,4.47375360e+15
6.08454000e+03,3.31416407e+33,4.53002695e+29,4.23927199e+17,4.46729543e+15
6.09840000e+03,3.30662487e+33,4.55877133e+29,4.23576266e+17,4.46082578e+15
6.11226000e+03,3.29907859e+33,4.58762075e+29,4.23224493e+17,4.45434467e+15
6.12612000e+03,3.29152530e+33,4.61657521e+29,4.22871880e+17,4.44785214e+15
6.13998000e+03,3.28396504e+33,4.64563471e+29,4.22518426e+17,4.44134820e+15
6.15384000e+03,3.27639789e+33,4.67479925e+29,4.22164131e+17,4.43483288e+15
6.16770000e+03,3.26882391e+33,4.70406883e+29,4.21808994e+17,4.42830619e+15
6.18156000e+03,3.26124317e+33,4.73344345e+29,4.21453015e+17,4.42176817e+15
6.19542000e+03,3.25365573e+33,4.76292311e+29,4.21096194e+17,4.41521883e+15
6.20928000e+03,3.24606165e+33,4.79250779e+29,4.20738530e+17,4.40865820e+15
6.22314000e+03,3.23846100e+33,4.82219751e+29,4.20380024e+17,4.40208631e+15
6.23700000e+03,3.23085385e+33,4.85199223e+29,4.20020673e+17,4.39550317e+15
6.25086000e+03,3.22324025e+33,4.88189196e+29,4.19660479e+17,4.38890881e+15
6.26472000e+03,3.21562028e+33,4.91189669e+29,4.19299441e+17,4.38230325e+15
6.27858000e+03,3.20799400e+33,4.94200639e+29,4.18937559e+17,4.37568652e+15
6.29244000e+03,3.20036146e+33,4.97222106e+29,4.18574831e+17,4.36905863e+15
6.30630000e+03,3.19272275e+33,5.00254068e+29,4.18211258e+17,4.36241963e+15
6.32016000e+03,3.18507792e+33,5.03296523e+29,4.17846839e+17,4.35576952e+15
6.33402000e+03,3.17742703e+33,5.06349469e+29,4.17481574e+17,4.34910833e+15
6.34788000e+03,3.16977016e+33,5.09412904e+29,4.17115462e+17,4.34243609e+15
6.36174000e+03,3.16210737e+33,5.12486825e+29,4.16748503e+17,4.33575282e+15
6.37560000e+03,3.15443872e+33,5.15571230e+29,4.16380697e+17,4.32905854e+15
6.38946000e+03,3.14676428e+33,5.18666117e+29,4.16012043e+17,4.32235328e+15
6.40332000e+03,3.13908412e+33,5.21771482e+29,4.15642541e+17,4.31563706e+15
6.41718000e+03,3.13139829e+33,5.24887323e+29,4.15272190e+17,4.30890991e+15
6.43104000e+03,3.12370687e+33,5.28013637e+29,4.14900990e+17,4.30217185e+15
6.44490000e+03,3.11600993e+33,5.31150420e+29,4.14528940e+17,4.29542290e+15
6.45876000e+03,3.10830752e+33,5.34297668e+29,4.14156041e+17,4.28866309e+15
6.47262000e+03,3.10059972e+33,5.37455379e+29,4.13782291e+17,4.28189245e+15
6.48648000e+03,3.09288659e+33,5.40623548e+29,4.13407691e+17,4.27511100e+15
6.50034000e+03,3.08516819e+33,5.43802171e+29,4.13032239e+17,4.26831876e+15
6.51420000e+03,3.07744460e+33,5.46991244e+29,4.12655935e+17,4.26151576e+15
6.52806000e+03,3.06971587e+33,5.50190763e+29,4.12278780e+17,4.25470202e+15
6.54192000e+03,3.06198208e+33,5.53400723e+29,4.11900772e+17,4.24787756e+15
6.55578000e+03,3.05424330e+33,5.56621120e+29,4.11521911e+17,4.24104242e+15
6.56964000e+03,3.04649958e+33,5.59851949e+29,4.11142197e+17,4.23419662e+15
6.58350000e+03,3.03875099e+33,5.63093205e+29,4.10761629e+17,4.22734018e+15
6.59736000e+03,3.03099761e+33,5.66344883e+29,4.10380206e+17,4.22047313e+15
6.61122000e+03,3.02323949e+33,5.69606977e+29,4.09997929e+17,4.21359549e+15
6.62508000e+03,3.01547671e+33,5.72879481e+29,4.09614797e+17,4.20670729e+15
6.63894000e+03,3.00770933e+33,5.76162391e+29,4.09230809e+17,4.19980855e+15
6.65280000e+03,2.99993743e+33,5.79455700e+29,4.08845964e+17,4.19289930e+15
6.66666000e+03,2.99216105e+33,5.82759403e+29,4.08460264e+17,4.18597956e+15
6.68052000e+03,2.98438028e+33,5.86073493e+29,4.08073706e+17,4.17904936e+15
6.69438000e+03,2.97659518e+33,5.89397963e+29,4.07686291e+17,4.17210873e+15
6.70824000e+03,2.96880582e+33,5.92732808e+29,4.07298017e+17,4.16515769e+15
6.72210000e+03,2.96101226e+33,5.96078020e+29,4.06908886e+17,4.15819626e+15
6.73596000e+03,2.95321458e+33,5.99433593e+29,4.06518895e+17,4.15122448e+15
6.74982000e+03,2.94541283e+33,6.02799519e+29,4.06128045e+17,4.14424236e+15
6.76368000e+03,2.93760710e+33,6.06175791e+29,4.05736335e+17,4.13724994e+15
6.77754000e+03,2.92979744e+33,6.09562403e+29,4.05343765e+17,4.13024724e+15
6.79140000e+03,2.92198392e+33,6.12959345e+29,4.04950333e+17,4.12323428e+15
6.80526000e+03,2.91416661e+33,6.16366612e+29,4.04556041e+17,4.11621109e+15
6.81912000e+03,2.90634558e+33,6.19784193e+29,4.04160886e+17,4.10917770e+15
6.83298000e+03,2.89852090e+33,6.23212083e+29,4.03764870e+17,4.10213413e+15
6.84684000e+03,2.89069263e+33,6.26650271e+29,4.03367990e+17,4.09508042e+15
6.86070000e+03,2.88286084e+33,6.30098750e+29,4.02970247e+17,4.08801658e+15
6.87456000e+03,2.87502560e+33,6.33557511e+29,4.02571640e+17,4.08094264e+15
6.88842000e+03,2.86718699e+33,6.37026545e+29,4.02172169e+17,4.07385863e+15
6.90228000e+03,2.85934505e+33,6.40505844e+29,4.01771833e+17,4.06676458e+15
6.91614000e+03,2.85149988e+33,6.43995397e+29,4.01370632e+17,4.05966050e+15
6.93000000e+03,2.84365153e+33,6.47495196e+29,4.00968565e+17,4.05254644e+15
6.94386000e+03,2.83580007e+33,6.51005231e+29,4.00565631e+17,4.04542241e+15
6.95772000e+03,2.82794557e+33,6.54525492e+29,4.00161830e+17,4.03828845e+15
6.97158000e+03,2.82008810e+33,6.58055970e+29,3.99757162e+17,4.03114457e+15
6.98544000e+03,2.81222773e+33,6.61596654e+29,3.99351626e+17,4.02399081e+15
6.99930000e+03,2.80436452e+33,6.65147534e+29,3.98945221e+17,4.01682719e+15
7.01316000e+03,2.79649855e+33,6.68708600e+29,3.98537948e+17,4.00965374e+15
7.02702000e+03,2.78862989e+33,6.72279841e+29,3.98129804e+17,4.00247049e+15
7.04088000e+03,2.78075859e+33,6.75861245e+29,3.97720791e+17,3.99527746e+15
7.05474000e+03,2.77288474e+33,6.79452803e+29,3.97310906e+17,3.98807468e+15
7.06860000e+03,2.76500840e+33,6.83054503e+29,3.96900151e+17,3.98086218e+15
7.08246000e+03,2.75712964e+33,6.86666334e+29,3.96488524e+17,3.97363999e+15
7.09632000e+03,2.74924853e+33,6.90288283e+29,3.96076024e+17,3.96640813e+15
7.11018000e+03,2.74136514e+33,6.93920339e+29,3.95662651e+17,3.95916663e+15
7.12404000e+03,2.73347953e+33,6.97562491e+29,3.95248405e+17,3.95191551e+15
7.13790000e+03,2.72559178e+33,7.01214726e+29,3.94833285e+17,3.94465482e+15
7.15176000e+03,2.71770196e+33,7.04877033e+29,3.94417290e+17,3.93738456e+15
7.16562000e+03,2.70981014e+33,7.08549397e+29,3.94000420e+17,3.93010478e+15
7.17948000e+03,2.70191638e+33,7.12231807e+29,3.93582675e+17,3.92281550e+15
7.19334000e+03,2.69402075e+33,7.15924250e+29,3.93164052e+17,3.91551674e+15
7.20720000e+03,2.68612333e+33,7.19626713e+29,3.92744553e+17,3.90820854e+15
7.22106000e+03,2.67822418e+33,7.23339183e+29,3.92324177e+17,3.90089092e+15
7.23492000e+03,2.67032338e+33,7.27061645e+29,3.91902922e+17,3.89356391e+15
7.24878000e+03,2.66242099e+33,7.30794087e+29,3.91480788e+17,3.88622754e+15
7.26264000e+03,2.65451708e+33,7.34536495e+29,3.91057776e+17,3.87888184e+15
7.27650000e+03,2.64661173e+33,7.38288855e+29,3.90633883e+17,3.87152683e+15
7.29036000e+03,2.63870500e+33,7.42051152e+29,3.90209109e+17,3.86416255e+15
7.30422000e+03,2.63079696e+33,7.45823373e+29,3.89783455e+17,3.85678902e+15
7.31808000e+03,2.62288768e+33,7.49605502e+29,3.89356919e+17,3.84940626e+15
7.33194000e+03,2.61497724e+33,7.53397525e+29,3.88929500e+17,3.84201432e+15
7.34580000e+03,2.60706570e+33,7.57199427e+29,3.88501198e+17,3.83461322e+15
7.35966000e+03,2.59915314e+33,7.61011193e+29,3.88072013e+17,3.82720298e+15
7.37352000e+03,2.59123962e+33,7.64832807e+29,3.87641943e+17,3.81978364e+15
7.38738000e+03,2.58332521e+33,7.68664254e+29,3.87210989e+17,3.81235522e+15
7.40124000e+03,2.57540999e+33,7.72505519e+29,3.86779149e+17,3.80491775e+15
7.41510000e+03,2.56749402e+33,7.76356584e+29,3.86346423e+17,3.79747127e+15
7.42896000e+03,2.55957738e+33,7.80217435e+29,3.85912810e+17,3.79001580e+15
7.44282000e+03,2.55166013e+33,7.84088055e+29,3.85478309e+17,3.78255136e+15
7.45668000e+03,2.54374235e+33,7.87968427e+29,3.85042920e+17,3.77507800e+15
7.47054000e+03,2.53582410e+33,7.91858535e+29,3.84606643e+17,3.76759573e+15
7.48440000e+03,2.52790547e+33,7.95758362e+29,3.84169475e+17,3.76010459e+15
7.49826000e+03,2.51998651e+33,7.99667891e+29,3.83731418e+17,3.75260461e+15
7.51212000e+03,2.51206730e+33,8.03587104e+29,3.83292470e+17,3.74509582e+15
7.52598000e+03,2.50414791e+33,8.07515984e+29,3.82852631e+17,3.73757824e+15
7.53984000e+03,2.49622841e+33,8.11454513e+29,3.82411899e+17,3.73005190e+15
7.55370000e+03,2.48830887e+33,8.15402673e+29,3.81970274e+17,3.72251684e+15
7.56756000e+03,2.48038936e+33,8.19360447e+29,3.81527756e+17,3.71497309e+15
7.58142000e+03,2.47246995e+33,8.23327817e+29,3.81084344e+17,3.70742067e+15
7.59528000e+03,2.46455072e+33,8.27304762e+29,3.80640036e+17,3.69985961e+15
7.60914000e+03,2.45663173e+33,8.31291266e+29,3.80194833e+17,3.69228995e+15
7.62300000e+03,2.44871306e+33,8.35287309e+29,3.79748734e+17,3.68471172e+15
7.63686000e+03,2.44079478e+33,8.39292871e+29,3.79301737e+17,3.67712493e+15
7.65072000e+03,2.43287696e+33,8.43307935e+29,3.78853843e+17,3.66952963e+15
7.66458000e+03,2.42495966e+33,8.47332479e+29,3.78405050e+17,3.66192585e+15
7.67844000e+03,2.41704296e+33,8.51366486e+29,3.77955358e+17,3.65431361e+15
7.69230000e+03,2.40912694e+33,8.55409934e+29,3.77504765e+17,3.64669295e+15
7.70616000e+03,2.40121166e+33,8.59462803e+29,3.77053273e+17,3.63906389e+15
7.72002000e+03,2.39329719e+33,8.63525074e+29,3.76600878e+17,3.63142647e+15
7.73388000e+03,2.38538361e+33,8.67596726e+29,3.76147581e+17,3.62378071e+15
7.74774000e+03,2.37747099e+33,8.71677738e+29,3.75693382e+17,3.61612665e+15
7.76160000e+03,2.36955939e+33,8.75768089e+29,3.75238278e+17,3.60846432e+15
7.77546000e+03,2.36164890e+33,8.79867758e+29,3.74782270e+17,3.60079375e+15
7.78932000e+03,2.35373958e+33,8.83976724e+29,3.74325357e+17,3.59311497e+15
7.80318000e+03,2.34583150e+33,8.88094965e+29,3.73867538e+17,3.58542801e+15
7.81704000e+03,2.33792473e+33,8.92222460e+29,3.73408812e+17,3.57773289e+15
7.83090000e+03,2.33001935e+33,8.96359187e+29,3.72949178e+17,3.57002967e+15
7.84476000e+03,2.32211543e+33,9.00505123e+29,3.72488636e+17,3.56231835e+15
7.85862000e+03,2.31421304e+33,9.04660246e+29,3.72027184e+17,3.55459898e+15
7.87248000e+03,2.30631225e+33,9.08824534e+29,3.71564823e+17,3.54687158e+15
7.88634000e+03,2.29841313e+33,9.12997963e+29,3.71101551e+17,3.53913620e+15
7.90020000e+03,2.29051575e+33,9.17180512e+29,3.70637367e+17,3.53139285e+15
7.91406000e+03,2.28262020e+33,9.21372156e+29,3.70172270e+17,3.52364157e+15
7.92792000e+03,2.27472653e+33,9.25572873e+29,3.69706261e+17,3.51588239e+15
7.94178000e+03,2.26683482e+33,9.29782638e+29,3.69239337e+17,3.50811534e+15
7.95564000e+03,2.25894514e+33,9.34001428e+29,3.68771498e+17,3.50034046e+15
7.96950000e+03,2.25105757e+33,9.38229219e+29,3.68302744e+17,3.49255778e+15
7.98336000e+03,2.24317218e+33,9.42465986e+29,3.67833072e+17,3.48476732e+15
7.99722000e+03,2.23528903e+33,9.46711706e+29,3.67362484e+17,3.47696913e+15
8.01108000e+03,2.22740820e+33,9.50966353e+29,3.66890977e+17,3.46916323e+15
8.02494000e+03,2.21952976e+33,9.55229903e+29,3.66418551e+17,3.46134965e+15
8.03880000e+03,2.21165379e+33,9.59502330e+29,3.65945204e+17,3.45352843e+15
8.05266000e+03,2.20378035e+33,9.63783610e+29,3.65470937e+17,3.44569959e+15
8.06652000e+03,2.19590952e+33,9.68073716e+29,3.64995748e+17,3.43786318e+15
8.08038000e+03,2.18804137e+33,9.72372623e+29,3.64519636e+17,3.43001922e+15
8.09424000e+03,2.18017598e+33,9.76680305e+29,3.64042600e+17,3.42216774e+15
8.10810000e+03,2.17231341e+33,9.80996736e+29,3.63564640e+17,3.41430879e+15
8.12196000e+03,2.16445373e+33,9.85321890e+29,3.63085755e+17,3.40644238e+15
8.13582000e+03,2.15659702e+33,9.89655739e+29,3.62605943e+17,3.39856856e+15
8.14968000e+03,2.14874336e+33,9.93998257e+29,3.62125203e+17,3.39068735e+15
8.16354000e+03,2.14089280e+33,9.98349417e+29,3.61643536e+17,3.38279879e+15
8.17740000e+03,2.13304544e+33,1.00270919e+30,3.61160939e+17,3.37490292e+15
8.19126000e+03,2.12520133e+33,1.00707755e+30,3.60677412e+17,3.36699975e+15
8.20512000e+03,2.11736055e+33,1.01145448e+30,3.60192955e+17,3.35908934e+15
8.21898000e+03,2.10952317e+33,1.01583993e+30,3.59707565e+17,3.35117170e+15
8.23284000e+03,2.10168927e+33,1.02023388e+30,3.59221242e+17,3.34324688e+15
8.24670000e+03,2.09385891e+33,1.02463632e+30,3.58733985e+17,3.33531490e+15
8.26056000e+03,2.08603218e+33,1.02904719e+30,3.58245794e+17,3.32737581e+15
8.27442000e+03,2.07820913e+33,1.03346649e+30,3.57756666e+17,3.31942963e+15
8.28828000e+03,2.07038985e+33,1.03789417e+30,3.57266601e+17,3.31147639e+15
8.30214000e+03,2.06257441e+33,1.04233022e+30,3.56775599e+17,3.30351613e+15
8.31600000e+03,2.05476287e+33,1.04677459e+30,3.56283658e+17,3.29554889e+15
8.32986000e+03,2.04695532e+33,1.05122726e+30,3.55790776e+17,3.28757470e+15
8.34372000e+03,2.03915182e+33,1.05568821e+30,3.55296954e+17,3.27959358e+15
8.35758000e+03,2.03135245e+33,1.06015739e+30,3.54802190e+17,3.27160559e+15
8.37144000e+03,2.02355727e+33,1.06463479e+30,3.54306483e+17,3.26361074e+15
8.38530000e+03,2.01576637e+33,1.06912036e+30,3.53809832e+17,3.25560907e+15
8.39916000e+03,2.00797981e+33,1.07361408e+30,3.53312235e+17,3.24760062e+15
8.41302000e+03,2.00019767e+33,1.07811592e+30,3.52813693e+17,3.23958542e+15
8.42688000e+03,1.99242001e+33,1.08262584e+30,3.52314203e+17,3.23156350e+15
8.44074000e+03,1.98464692e+33,1.08714382e+30,3.51813765e+17,3.22353491e+15
8.45460000e+03,1.97687846e+33,1.09166982e+30,3.51312377e+17,3.21549967e+15
8.46846000e+03,1.96911470e+33,1.09620381e+30,3.50810039e+17,3.20745781e+15
8.48232000e+03,1.96135573e+33,1.10074576e+30,3.50306749e+17,3.19940938e+15
8.49618000e+03,1.95360160e+33,1.10529563e+30,3.49802507e+17,3.19135441e+15
8.51004000e+03,1.94585240e+33,1.10985340e+30,3.49297311e+17,3.18329292e+15
8.52390000e+03,1.93810820e+33,1.11441903e+30,3.48791160e+17,3.17522497e+15
8.53776000e+03,1.93036906e+33,1.11899249e+30,3.48284052e+17,3.16715057e+15
8.55162000e+03,1.92263507e+33,1.12357373e+30,3.47775988e+17,3.15906977e+15
8.56548000e+03,1.91490629e+33,1.12816274e+30,3.47266965e+17,3.15098260e+15
8.57934000e+03,1.90718280e+33,1.13275948e+30,3.46756983e+17,3.14288910e+15
8.59320000e+03,1.89946466e+33,1.13736391e+30,3.46246039e+17,3.13478930e+15
8.60706000e+03,1.89175196e+33,1.14197599e+30,3.45734134e+17,3.12668323e+15
8.62092000e+03,1.88404476e+33,1.14659570e+30,3.45221266e+17,3.11857093e+15
8.63478000e+03,1.87634314e+33,1.15122300e+30,3.44707434e+17,3.11045245e+15
8.64864000e+03,1.86864717e+33,1.15585785e+30,3.44192636e+17,3.10232780e+15
8.66250000e+03,1.86095692e+33,1.16050022e+30,3.43676871e+17,3.09419703e+15
8.67636000e+03,1.85327246e+33,1.16515007e+30,3.43160138e+17,3.08606017e+15
8.69022000e+03,1.84559387e+33,1.16980736e+30,3.42642436e+17,3.07791726e+15
8.70408000e+03,1.83792122e+33,1.17447207e+30,3.42123764e+17,3.06976834e+15
8.71794000e+03,1.83025459e+33,1.17914416e+30,3.41604120e+17,3.06161344e+15
8.73180000e+03,1.82259404e+33,1.18382358e+30,3.41083503e+17,3.05345259e+15
8.74566000e+03,1.81493964e+33,1.18851030e+30,3.40561912e+17,3.04528583e+15
8.75952000e+03,1.80729147e+33,1.19320428e+30,3.40039345e+17,3.03711320e+15
8.77338000e+03,1.79964961e+33,1.19790550e+30,3.39515802e+17,3.02893474e+15
8.78724000e+03,1.79201412e+33,1.20261390e+30,3.38991280e+17,3.02075047e+15
8.80110000e+03,1.78438508e+33,1.20732946e+30,3.38465779e+17,3.01256045e+15
8.81496000e+03,1.77676256e+33,1.21205212e+30,3.37939297e+17,3.00436469e+15
8.82882000e+03,1.76914663e+33,1.21678187e+30,3.37411833e+17,2.99616324e+15
8.84268000e+03,1.76153737e+33,1.22151865e+30,3.36883386e+17,2.98795614e+15
8.85654000e+03,1.75393484e+33,1.22626243e+30,3.36353954e+17,2.97974342e+15
8.87040000e+03,1.74633912e+33,1.23101317e+30,3.35823535e+17,2.97152512e+15
8.88426000e+03,1.73875029e+33,1.23577083e+30,3.35292129e+17,2.96330127e+15
8.89812000e+03,1.73116841e+33,1.24053537e+30,3.34759734e+17,2.95507192e+15
8.91198000e+03,1.72359355e+33,1.24530676e+30,3.34226349e+17,2.94683709e+15
8.92584000e+03,1.71602580e+33,1.25008494e+30,3.33691972e+17,2.93859683e+15
8.93970000e+03,1.70846522e+33,1.25486989e+30,3.33156601e+17,2.93035118e+15
8.95356000e+03,1.70091188e+33,1.25966155e+30,3.32620236e+17,2.92210016e+15
8.96742000e+03,1.69336586e+33,1.26445990e+30,3.32082875e+17,2.91384382e+15
8.98128000e+03,1.68582722e+33,1.26926488e+30,3.31544516e+17,2.90558219e+15
8.99514000e+03,1.67829605e+33,1.27407647e+30,3.31005158e+17,2.89731532e+15
9.00900000e+03,1.67077242e+33,1.27889460e+30,3.30464800e+17,2.88904324e+15
9.02286000e+03,1.66325638e+33,1.28371926e+30,3.29923439e+17,2.88076598e+15
9.03672000e+03,1.65574803e+33,1.28855038e+30,3.29381075e+17,2.87248358e+15
9.05058000e+03,1.64824743e+33,1.29338794e+30,3.28837706e+17,2.86419609e+15
9.06444000e+03,1.64075465e+33,1.29823189e+30,3.28293330e+17,2.85590354e+15
9.07830000e+03,1.63326976e+33,1.30308217e+30,3.27747946e+17,2.84760596e+15
9.09216000e+03,1.62579284e+33,1.30793877e+30,3.27201553e+17,2.83930340e+15
9.10602000e+03,1.61832396e+33,1.31280162e+30,3.26654147e+17,2.83099589e+15
9.11988000e+03,1.61086320e+33,1.31767068e+30,3.26105729e+17,2.82268348e+15
9.13374000e+03,1.60341061e+33,1.32254592e+30,3.25556297e+17,2.81436619e+15
9.14760000e+03,1.59596628e+33,1.32742728e+30,3.25005848e+17,2.80604407e+15
9.16146000e+03,1.58853028e+33,1.33231473e+30,3.24454382e+17,2.79771716e+15
9.17532000e+03,1.58110268e+33,1.33720821e+30,3.23901896e+17,2.78938549e+15
9.18918000e+03,1.57368355e+33,1.34210769e+30,3.23348389e+17,2.78104910e+15
9.20304000e+03,1.56627297e+33,1.34701312e+30,3.22793859e+17,2.77270804e+15
9.21690000e+03,1.55887100e+33,1.35192445e+30,3.22238304e+17,2.76436233e+15
9.23076000e+03,1.55147772e+33,1.35684164e+30,3.21681724e+17,2.75601202e+15
9.24462000e+03,1.54409320e+33,1.36176463e+30,3.21124115e+17,2.74765715e+15
9.25848000e+03,1.53671751e+33,1.36669340e+30,3.20565477e+17,2.73929776e+15
9.27234000e+03,1.52935073e+33,1.37162788e+30,3.20005808e+17,2.73093388e+15
9.28620000e+03,1.52199292e+33,1.37656803e+30,3.19445105e+17,2.72256555e+15
9.30006000e+03,1.51464416e+33,1.38151381e+30,3.18883367e+17,2.71419282e+15
9.31392000e+03,1.50730451e+33,1.38646517e+30,3.18320593e+17,2.70581572e+15
9.32778000e+03,1.49997406e+33,1.39142205e+30,3.17756780e+17,2.69743430e+15
9.34164000e+03,1.49265287e+33,1.39638442e+30,3.17191926e+17,2.68904858e+15
9.35550000e+03,1.48534102e+33,1.40135222e+30,3.16626031e+17,2.68065861e+15
9.36936000e+03,1.47803857e+33,1.40632541e+30,3.16059091e+17,2.67226444e+15
9.38322000e+03,1.47074560e+33,1.41130393e+30,3.15491105e+17,2.66386609e+15
9.39708000e+03,1.46346218e+33,1.41628775e+30,3.14922072e+17,2.65546361e+15
9.41094000e+03,1.45618838e+33,1.42127680e+30,3.14351988e+17,2.64705704e+15
9.42480000e+03,1.44892427e+33,1.42627104e+30,3.13780853e+17,2.63864642e+15
9.43866000e+03,1.44166992e+33,1.43127042e+30,3.13208664e+17,2.63023179e+15
9.45252000e+03,1.43442542e+33,1.43627488e+30,3.12635420e+17,2.62181319e+15
9.46638000e+03,1.42719081e+33,1.44128439e+30,3.12061117e+17,2.61339065e+15
9.48024000e+03,1.41996619e+33,1.44629889e+30,3.11485755e+17,2.60496423e+15
9.49410000e+03,1.41275161e+33,1.45131832e+30,3.10909332e+17,2.59653395e+15
9.50796000e+03,1.40554716e+33,1.45634264e+30,3.10331845e+17,2.58809987e+15
9.52182000e+03,1.39835290e+33,1.46137179e+30,3.09753292e+17,2.57966201e+15
9.53568000e+03,1.39116890e+33,1.46640573e+30,3.09173671e+17,2.57122042e+15
9.54954000e+03,1.38399524e+33,1.47144439e+30,3.08592980e+17,2.56277515e+15
9.56340000e+03,1.37683198e+33,1.47648774e+30,3.08011217e+17,2.55432623e+15
9.57726000e+03,1.36967919e+33,1.48153571e+30,3.07428380e+17,2.54587370e+15
9.59112000e+03,1.36253696e+33,1.48658825e+30,3.06844466e+17,2.53741760e+15
9.60498000e+03,1.35540535e+33,1.49164531e+30,3.06259474e+17,2.52895798e+15
9.61884000e+03,1.34828442e+33,1.49670684e+30,3.05673402e+17,2.52049487e+15
9.63270000e+03,1.34117425e+33,1.50177278e+30,3.05086246e+17,2.51202832e+15
9.64656000e+03,1.33407492e+33,1.50684307e+30,3.04498005e+17,2.50355836e+15
9.66042000e+03,1.32698649e+33,1.51191767e+30,3.03908676e+17,2.49508505e+15
9.67428000e+03,1.31990903e+33,1.51699652e+30,3.03318258e+17,2.48660841e+15
9.68814000e+03,1.31284262e+33,1.52207956e+30,3.02726748e+17,2.47812850e+15
9.70200000e+03,1.30578732e+33,1.52716674e+30,3.02134143e+17,2.46964535e+15
9.71586000e+03,1.29874320e+33,1.53225801e+30,3.01540442e+17,2.46115900e+15
9.72972000e+03,1.29171034e+33,1.53735330e+30,3.00945641e+17,2.45266950e+15
9.74358000e+03,1.28468881e+33,1.54245255e+30,3.00349739e+17,2.44417689e+15
9.75744000e+03,1.27767868e+33,1.54755573e+30,2.99752733e+17,2.43568121e+15
9.77130000e+03,1.27068001e+33,1.55266276e+30,2.99154621e+17,2.42718250e+15
9.78516000e+03,1.26369288e+33,1.55777359e+30,2.98555400e+17,2.41868081e+15
9.79902000e+03,1.25671735e+33,1.56288816e+30,2.97955067e+17,2.41017617e+15
9.81288000e+03,1.24975351e+33,1.56800641e+30,2.97353621e+17,2.40166863e+15
9.82674000e+03,1.24280141e+33,1.57312829e+30,2.96751058e+17,2.39315823e+15
9.84060000e+03,1.23586114e+33,1.57825374e+30,2.96147376e+17,2.38464501e+15
9.85446000e+03,1.22893275e+33,1.58338270e+30,2.95542573e+17,2.37612902e+15
9.86832000e+03,1.22201632e+33,1.58851511e+30,2.94936646e+17,2.36761029e+15
9.88218000e+03,1.21511192e+33,1.59365091e+30,2.94329591e+17,2.35908888e+15
9.89604000e+03,1.20821961e+33,1.59879004e+30,2.93721408e+17,2.35056482e+15
9.90990000e+03,1.20133948e+33,1.60393244e+30,2.93112092e+17,2.34203816e+15
9.92376000e+03,1.19447159e+33,1.60907805e+30,2.92501641e+17,2.33350893e+15
9.93762000e+03,1.18761600e+33,1.61422681e+30,2.91890053e+17,2.32497719e+15
9.95148000e+03,1.18077279e+33,1.61937866e+30,2.91277324e+17,2.31644297e+15
9.96534000e+03,1.17394203e+33,1.62453354e+30,2.90663452e+17,2.30790632e+15
9.97920000e+03,1.16712379e+33,1.62969138e+30,2.90048434e+17,2.29936728e+15
9.99306000e+03,1.16031813e+33,1.63485213e+30,2.89432266e+17,2.29082590e+15
1.00069200e+04,1.15352513e+33,1.64001572e+30,2.88814947e+17,2.28228221e+15
1.00207800e+04,1.14674486e+33,1.64518209e+30,2.88196474e+17,2.27373627e+15
1.00346400e+04,1.13997738e+33,1.65035117e+30,2.87576842e+17,2.26518811e+15
1.00485000e+04,1.13322276e+33,1.65552291e+30,2.86956050e+17,2.25663778e+15
1.00623600e+04,1.12648108e+33,1.66069724e+30,2.86334094e+17,2.24808533e+15
1.00762200e+04,1.11975241e+33,1.66587409e+30,2.85710972e+17,2.23953079e+15
1.00900800e+04,1.11303680e+33,1.67105340e+30,2.85086679e+17,2.23097421e+15
1.01039400e+04,1.10633433e+33,1.67623511e+30,2.84461214e+17,2.22241563e+15
1.01178000e+04,1.09964508e+33,1.68141915e+30,2.83834572e+17,2.21385511e+15
1.01316600e+04,1.09296910e+33,1.68660546e+30,2.83206752e+17,2.20529267e+15
1.01455200e+04,1.08630648e+33,1.69179397e+30,2.82577748e+17,2.19672838e+15
1.01593800e+04,1.07965727e+33,1.69698461e+30,2.81947559e+17,2.18816226e+15
1.01732400e+04,1.07302154e+33,1.70217732e+30,2.81316181e+17,2.17959437e+15
1.01871000e+04,1.06639937e+33,1.70737203e+30,2.80683611e+17,2.17102476e+15
1.02009600e+04,1.05979082e+33,1.71256868e+30,2.80049845e+17,2.16245345e+15
1.02148200e+04,1.05319596e+33,1.71776719e+30,2.79414879e+17,2.15388051e+15
1.02286800e+04,1.04661486e+33,1.72296750e+30,2.78778712e+17,2.14530597e+15
1.02425400e+04,1.04004759e+33,1.72816954e+30,2.78141338e+17,2.13672989e+15
1.02564000e+04,1.03349422e+33,1.73337325e+30,2.77502755e+17,2.12815229e+15
1.02702600e+04,1.02695481e+33,1.73857855e+30,2.76862959e+17,2.11957324e+15
1.02841200e+04,1.02042943e+33,1.74378537e+30,2.76221946e+17,2.11099277e+15
1.02979800e+04,1.01391815e+33,1.74899365e+30,2.75579713e+17,2.10241093e+15
1.03118400e+04,1.00742105e+33,1.75420331e+30,2.74936256e+17,2.09382777e+15
1.03257000e+04,1.00093818e+33,1.75941429e+30,2.74291572e+17,2.08524333e+15
1.03395600e+04,9.94469609e+32,1.76462651e+30,2.73645656e+17,2.07665766e+15
1.03534200e+04,9.88015416e+32,1.76983991e+30,2.72998506e+17,2.06807080e+15
1.03672800e+04,9.81575662e+32,1.77505441e+30,2.72350116e+17,2.05948280e+15
1.03811400e+04,9.75150416e+32,1.78026993e+30,2.71700484e+17,2.05089370e+15
1.03950000e+04,9.68739746e+32,1.78548642e+30,2.71049605e+17,2.04230355e+15
1.04088600e+04,9.62343719e+32,1.79070379e+30,2.70397475e+17,2.03371239e+15
1.04227200e+04,9.55962402e+32,1.79592197e+30,2.69744091e+17,2.02512028e+15
1.04365800e+04,9.49595862e+32,1.80114089e+30,2.69089448e+17,2.01652726e+15
1.04504400e+04,9.43244168e+32,1.80636048e+30,2.68433542e+17,2.00793337e+15
1.04643000e+04,9.36907386e+32,1.81158066e+30,2.67776369e+17,1.99933867e+15
1.04781600e+04,9.30585584e+32,1.81680136e+30,2.67117926e+17,1.99074319e+15
1.04920200e+04,9.24278828e+32,1.82202249e+30,2.66458207e+17,1.98214698e+15
1.05058800e+04,9.17987185e+32,1.82724400e+30,2.65797208e+17,1.97355010e+15
1.05197400e+04,9.11710723e+32,1.83246579e+30,2.65134925e+17,1.96495258e+15
1.05336000e+04,9.05449508e+32,1.83768780e+30,2.64471354e+17,1.95635448e+15
1.05474600e+04,8.99203607e+32,1.84290995e+30,2.63806491e+17,1.94775584e+15
1.05613200e+04,8.92973087e+32,1.84813217e+30,2.63140330e+17,1.93915671e+15
1.05751800e+04,8.86758014e+32,1.85335436e+30,2.62472867e+17,1.93055713e+15
1.05890400e+04,8.80558454e+32,1.85857647e+30,2.61804098e+17,1.92195715e+15
1.06029000e+04,8.74374475e+32,1.86379840e+30,2.61134018e+17,1.91335683e+15
1.06167600e+04,8.68206142e+32,1.86902008e+30,2.60462623e+17,1.90475620e+15
1.06306200e+04,8.62053523e+32,1.87424144e+30,2.59789906e+17,1.89615532e+15
1.06444800e+04,8.55916682e+32,1.87946239e+30,2.59115865e+17,1.88755423e+15
1.06583400e+04,8.49795686e+32,1.88468285e+30,2.58440493e+17,1.87895298e+15
1.06722000e+04,8.43690601e+32,1.88990274e+30,2.57763786e+17,1.87035162e+15
1.06860600e+04,8.37601494e+32,1.89512198e+30,2.57085740e+17,1.86175019e+15
1.06999200e+04,8.31528430e+32,1.90034050e+30,2.56406347e+17,1.85314875e+15
1.07137800e+04,8.25471474e+32,1.90555821e+30,2.55725605e+17,1.84454734e+15
1.07276400e+04,8.19430693e+32,1.91077502e+30,2.55043507e+17,1.83594601e+15
1.07415000e+04,8.13406152e+32,1.91599086e+30,2.54360049e+17,1.82734481e+15
1.07553600e+04,8.07397917e+32,1.92120564e+30,2.53675224e+17,1.81874379e+15
1.07692200e+04,8.01406053e+32,1.92641929e+30,2.52989028e+17,1.81014299e+15
1.07830800e+04,7.95430626e+32,1.93163170e+30,2.52301456e+17,1.80154246e+15
1.07969400e+04,7.89471700e+32,1.93684281e+30,2.51612501e+17,1.79294226e+15
1.08108000e+04,7.83529342e+32,1.94205253e+30,2.50922158e+17,1.78434243e+15
1.08246600e+04,7.77603616e+32,1.94726077e+30,2.50230421e+17,1.77574302e+15
1.08385200e+04,7.71694587e+32,1.95246745e+30,2.49537285e+17,1.76714408e+15
1.08523800e+04,7.65802321e+32,1.95767248e+30,2.48842744e+17,1.75854566e+15
1.08662400e+04,7.59926882e+32,1.96287578e+30,2.48146792e+17,1.74994780e+15
1.08801000e+04,7.54068335e+32,1.96807725e+30,2.47449423e+17,1.74135056e+15
1.08939600e+04,7.48226745e+32,1.97327682e+30,2.46750631e+17,1.73275399e+15
1.09078200e+04,7.42402176e+32,1.97847439e+30,2.46050410e+17,1.72415813e+15
1.09216800e+04,7.36594694e+32,1.98366987e+30,2.45348754e+17,1.71556304e+15
1.09355400e+04,7.30804362e+32,1.98886318e+30,2.44645657e+17,1.70696876e+15
1.09494000e+04,7.25031245e+32,1.99405423e+30,2.43941111e+17,1.69837534e+15
1.09632600e+04,7.19275407e+32,1.99924292e+30,2.43235111e+17,1.68978284e+15
1.09771200e+04,7.13536912e+32,2.00442918e+30,2.42527651e+17,1.68119131e+15
1.09909800e+04,7.07815826e+32,2.00961290e+30,2.41818723e+17,1.67260079e+15
1.10048400e+04,7.02112211e+32,2.01479399e+30,2.41108321e+17,1.66401133e+15
1.10187000e+04,6.96426132e+32,2.01997237e+30,2.40396438e+17,1.65542299e+15
1.10325600e+04,6.90757653e+32,2.02514795e+30,2.39683068e+17,1.64683581e+15
1.10464200e+04,6.85106837e+32,2.03032062e+30,2.38968203e+17,1.63824985e+15
1.10602800e+04,6.79473749e+32,2.03549030e+30,2.38251836e+17,1.62966515e+15
1.10741400e+04,6.73858452e+32,2.04065689e+30,2.37533960e+17,1.62108177e+15
1.10880000e+04,6.68261009e+32,2.04582030e+30,2.36814568e+17,1.61249976e+15
1.11018600e+04,6.62681485e+32,2.05098043e+30,2.36093653e+17,1.60391916e+15
1.11157200e+04,6.57119942e+32,2.05613720e+30,2.35371207e+17,1.59534004e+15
1.11295800e+04,6.51576444e+32,2.06129049e+30,2.34647222e+17,1.58676243e+15
1.11434400e+04,6.46051055e+32,2.06644022e+30,2.33921691e+17,1.57818640e+15
1.11573000e+04,6.40543837e+32,2.07158630e+30,2.33194606e+17,1.56961199e+15
1.11711600e+04,6.35054854e+32,2.07672861e+30,2.32465960e+17,1.56103925e+15
1.11850200e+04,6.29584169e+32,2.08186707e+30,2.31735743e+17,1.55246824e+15
1.11988800e+04,6.24131844e+32,2.08700158e+30,2.31003949e+17,1.54389901e+15
1.12127400e+04,6.18697943e+32,2.09213203e+30,2.30270569e+17,1.53533160e+15
1.12266000e+04,6.13282529e+32,2.09725833e+30,2.29535594e+17,1.52676608e+15
1.12404600e+04,6.07885663e+32,2.10238038e+30,2.28799017e+17,1.51820249e+15
1.12543200e+04,6.02507410e+32,2.10749807e+30,2.28060828e+17,1.50964088e+15
1.12681800e+04,5.97147832e+32,2.11261131e+30,2.27321018e+17,1.50108131e+15
1.12820400e+04,5.91806990e+32,2.11771999e+30,2.26579580e+17,1.49252383e+15
1.12959000e+04,5.86484948e+32,2.12282401e+30,2.25836504e+17,1.48396849e+15
1.13097600e+04,5.81181769e+32,2.12792327e+30,2.25091781e+17,1.47541534e+15
1.13236200e+04,5.75897513e+32,2.13301767e+30,2.24345402e+17,1.46686445e+15
1.13374800e+04,5.70632245e+32,2.13810709e+30,2.23597357e+17,1.45831584e+15
1.13513400e+04,5.65386025e+32,2.14319144e+30,2.22847637e+17,1.44976960e+15
1.13652000e+04,5.60158916e+32,2.14827061e+30,2.22096232e+17,1.44122575e+15
1.13790600e+04,5.54950980e+32,2.15334449e+30,2.21343133e+17,1.43268437e+15
1.13929200e+04,5.49762279e+32,2.15841297e+30,2.20588329e+17,1.42414549e+15
1.14067800e+04,5.44592876e+32,2.16347596e+30,2.19831811e+17,1.41560918e+15
1.14206400e+04,5.39442831e+32,2.16853334e+30,2.19073568e+17,1.40707548e+15
1.14345000e+04,5.34312207e+32,2.17358500e+30,2.18313589e+17,1.39854446e+15
1.14483600e+04,5.29201066e+32,2.17863083e+30,2.17551865e+17,1.39001616e+15
1.14622200e+04,5.24109468e+32,2.18367072e+30,2.16788385e+17,1.38149064e+15
1.14760800e+04,5.19037477e+32,2.18870457e+30,2.16023137e+17,1.37296795e+15
1.14899400e+04,5.13985153e+32,2.19373225e+30,2.15256111e+17,1.36444815e+15
1.15038000e+04,5.08952558e+32,2.19875367e+30,2.14487295e+17,1.35593128e+15
1.15176600e+04,5.03939754e+32,2.20376870e+30,2.13716678e+17,1.34741741e+15
1.15315200e+04,4.98946801e+32,2.20877723e+30,2.12944248e+17,1.33890659e+15
1.15453800e+04,4.93973762e+32,2.21377915e+30,2.12169994e+17,1.33039887e+15
1.15592400e+04,4.89020697e+32,2.21877435e+30,2.11393904e+17,1.32189431e+15
1.15731000e+04,4.84087669e+32,2.22376270e+30,2.10615965e+17,1.31339296e+15
1.15869600e+04,4.79174737e+32,2.22874409e+30,2.09836165e+17,1.30489487e+15
1.16008200e+04,4.74281964e+32,2.23371841e+30,2.09054491e+17,1.29640011e+15
1.16146800e+04,4.69409411e+32,2.23868553e+30,2.08270932e+17,1.28790872e+15
1.16285400e+04,4.64557138e+32,2.24364535e+30,2.07485473e+17,1.27942076e+15
1.16424000e+04,4.59725207e+32,2.24859773e+30,2.06698101e+17,1.27093629e+15
1.16562600e+04,4.54913679e+32,2.25354256e+30,2.05908804e+17,1.26245536e+15
1.16701200e+04,4.50122615e+32,2.25847971e+30,2.05117567e+17,1.25397803e+15
1.16839800e+04,4.45352076e+32,2.26340908e+30,2.04324377e+17,1.24550435e+15
1.16978400e+04,4.40602123e+32,2.26833053e+30,2.03529219e+17,1.23703438e+15
1.17117000e+04,4.35872816e+32,2.27324394e+30,2.02732079e+17,1.22856818e+15
1.17255600e+04,4.31164218e+32,2.27814918e+30,2.01932943e+17,1.22010579e+15
1.17394200e+04,4.26476388e+32,2.28304614e+30,2.01131796e+17,1.21164728e+15
1.17532800e+04,4.21809387e+32,2.28793468e+30,2.00328622e+17,1.20319270e+15
1.17671400e+04,4.17163277e+32,2.29281468e+30,1.99523407e+17,1.19474211e+15
1.17810000e+04,4.12538118e+32,2.29768602e+30,1.98716134e+17,1.18629556e+15
1.17948600e+04,4.07933972e+32,2.30254856e+30,1.97906787e+17,1.17785312e+15
1.18087200e+04,4.03350898e+32,2.30740217e+30,1.97095352e+17,1.16941483e+15
1.18225800e+04,3.98788959e+32,2.31224673e+30,1.96281810e+17,1.16098076e+15
1.18364400e+04,3.94248214e+32,2.31708210e+30,1.95466145e+17,1.15255096e+15
1.18503000e+04,3.89728725e+32,2.32190815e+30,1.94648340e+17,1.14412549e+15
1.18641600e+04,3.85230552e+32,2.32672475e+30,1.93828378e+17,1.13570441e+15
1.18780200e+04,3.80753757e+32,2.33153177e+30,1.93006241e+17,1.12728777e+15
1.18918800e+04,3.76298400e+32,2.33632907e+30,1.92181910e+17,1.11887563e+15
1.19057400e+04,3.71864542e+32,2.34111651e+30,1.91355369e+17,1.11046805e+15
1.19196000e+04,3.67452244e+32,2.34589397e+30,1.90526596e+17,1.10206509e+15
1.19334600e+04,3.63061568e+32,2.35066129e+30,1.89695575e+17,1.09366680e+15
1.19473200e+04,3.58692574e+32,2.35541834e+30,1.88862285e+17,1.08527325e+15
1.19611800e+04,3.54345323e+32,2.36016499e+30,1.88026706e+17,1.07688448e+15
1.19750400e+04,3.50019877e+32,2.36490109e+30,1.87188818e+17,1.06850057e+15
1.19889000e+04,3.45716296e+32,2.36962650e+30,1.86348600e+17,1.06012156e+15
1.20027600e+04,3.41434641e+32,2.37434108e+30,1.85506033e+17,1.05174752e+15
1.20166200e+04,3.37174975e+32,2.37904468e+30,1.84661093e+17,1.04337850e+15
1.20304800e+04,3.32937359e+32,2.38373716e+30,1.83813760e+17,1.03501457e+15
1.20443400e+04,3.28721852e+32,2.38841837e+30,1.82964011e+17,1.02665578e+15
1.20582000e+04,3.24528519e+32,2.39308817e+30,1.82111823e+17,1.01830219e+15
1.20720600e+04,3.20357419e+32,2.39774641e+30,1.81257173e+17,1.00995386e+15
1.20859200e+04,3.16208614e+32,2.40239293e+30,1.80400038e+17,1.00161086e+15
1.20997800e+04,3.12082167e+32,2.40702759e+30,1.79540393e+17,9.93273232e+14
1.21136400e+04,3.07978138e+32,2.41165024e+30,1.78678214e+17,9.84941047e+14
1.21275000e+04,3.03896591e+32,2.41626071e+30,1.77813476e+17,9.76614363e+14
1.21413600e+04,2.99837587e+32,2.42085887e+30,1.76946153e+17,9.68293239e+14
1.21552200e+04,2.95801188e+32,2.42544455e+30,1.76076219e+17,9.59977737e+14
1.21690800e+04,2.91787456e+32,2.43001759e+30,1.75203647e+17,9.51667915e+14
1.21829400e+04,2.87796455e+32,2.43457784e+30,1.74328409e+17,9.43363836e+14
1.21968000e+04,2.83828246e+32,2.43912514e+30,1.73450479e+17,9.35065559e+14
1.22106600e+04,2.79882892e+32,2.44365932e+30,1.72569827e+17,9.26773146e+14
1.22245200e+04,2.75960457e+32,2.44818023e+30,1.71686424e+17,9.18486657e+14
1.22383800e+04,2.72061003e+32,2.45268770e+30,1.70800241e+17,9.10206155e+14
1.22522400e+04,2.68184594e+32,2.45718156e+30,1.69911247e+17,9.01931700e+14
1.22661000e+04,2.64331293e+32,2.46166166e+30,1.69019410e+17,8.93663354e+14
1.22799600e+04,2.60501164e+32,2.46612781e+30,1.68124700e+17,8.85401179e+14
1.22938200e+04,2.56694271e+32,2.47057986e+30,1.67227084e+17,8.77145237e+14
1.23076800e+04,2.52910677e+32,2.47501763e+30,1.66326528e+17,8.68895591e+14
1.23215400e+04,2.49150447e+32,2.47944095e+30,1.65422998e+17,8.60652301e+14
1.23354000e+04,2.45413646e+32,2.48384964e+30,1.64516460e+17,8.52415431e+14
1.23492600e+04,2.41700339e+32,2.48824353e+30,1.63606878e+17,8.44185045e+14
1.23631200e+04,2.38010590e+32,2.49262244e+30,1.62694215e+17,8.35961203e+14
1.23769800e+04,2.34344465e+32,2.49698619e+30,1.61778434e+17,8.27743970e+14
1.23908400e+04,2.30702030e+32,2.50133460e+30,1.60859496e+17,8.19533410e+14
1.24047000e+04,2.27083351e+32,2.50566749e+30,1.59937364e+17,8.11329584e+14
1.24185600e+04,2.23488493e+32,2.50998468e+30,1.59011995e+17,8.03132558e+14
1.24324200e+04,2.19917524e+32,2.51428597e+30,1.58083350e+17,7.94942394e+14
1.24462800e+04,2.16370511e+32,2.51857119e+30,1.57151386e+17,7.86759158e+14
1.24601400e+04,2.12847521e+32,2.52284013e+30,1.56216060e+17,7.78582913e+14
1.24740000e+04,2.09348621e+32,2.52709261e+30,1.55277327e+17,7.70413724e+14
1.24878600e+04,2.05873881e+32,2.53132844e+30,1.54335142e+17,7.62251655e+14
1.25017200e+04,2.02423367e+32,2.53554741e+30,1.53389459e+17,7.54096772e+14
1.25155800e+04,1.98997151e+32,2.53974933e+30,1.52440229e+17,7.45949139e+14
1.25294400e+04,1.95595300e+32,2.54393401e+30,1.51487404e+17,7.37808823e+14
1.25433000e+04,1.92217885e+32,2.54810123e+30,1.50530932e+17,7.29675888e+14
1.25571600e+04,1.88864977e+32,2.55225080e+30,1.49570763e+17,7.21550400e+14
1.25710200e+04,1.85536646e+32,2.55638250e+30,1.48606843e+17,7.13432426e+14
1.25848800e+04,1.82232964e+32,2.56049614e+30,1.47639117e+17,7.05322032e+14
1.25987400e+04,1.78954003e+32,2.56459148e+30,1.46667530e+17,6.97219285e+14
1.26126000e+04,1.75699835e+32,2.56866833e+30,1.45692023e+17,6.89124250e+14
1.26264600e+04,1.72470535e+32,2.57272647e+30,1.44712537e+17,6.81036995e+14
1.26403200e+04,1.69266175e+32,2.57676568e+30,1.43729011e+17,6.72957589e+14
1.26541800e+04,1.66086831e+32,2.58078573e+30,1.42741382e+17,6.64886097e+14
1.26680400e+04,1.62932577e+32,2.58478640e+30,1.41749586e+17,6.56822588e+14
1.26819000e+04,1.59803491e+32,2.58876747e+30,1.40753556e+17,6.48767129e+14
1.26957600e+04,1.56699648e+32,2.59272870e+30,1.39753223e+17,6.40719790e+14
1.27096200e+04,1.53621126e+32,2.59666987e+30,1.38748517e+17,6.32680639e+14
1.27234800e+04,1.50568004e+32,2.60059073e+30,1.37739366e+17,6.24649745e+14
1.27373400e+04,1.47540361e+32,2.60449105e+30,1.36725693e+17,6.16627177e+14
1.27512000e+04,1.44538278e+32,2.60837058e+30,1.35707421e+17,6.08613005e+14
1.27650600e+04,1.41561834e+32,2.61222909e+30,1.34684472e+17,6.00607297e+14
1.27789200e+04,1.38611113e+32,2.61606632e+30,1.33656762e+17,5.92610125e+14
1.27927800e+04,1.35686198e+32,2.61988202e+30,1.32624206e+17,5.84621559e+14
1.28066400e+04,1.32787173e+32,2.62367594e+30,1.31586717e+17,5.76641670e+14
1.28205000e+04,1.29914123e+32,2.62744781e+30,1.30544204e+17,5.68670528e+14
1.28343600e+04,1.27067134e+32,2.63119738e+30,1.29496573e+17,5.60708205e+14
1.28482200e+04,1.24246295e+32,2.63492437e+30,1.28443727e+17,5.52754773e+14
1.28620800e+04,1.21451695e+32,2.63862852e+30,1.27385565e+17,5.44810304e+14
1.28759400e+04,1.18683424e+32,2.64230956e+30,1.26321985e+17,5.36874870e+14
1.28898000e+04,1.15941573e+32,2.64596719e+30,1.25252878e+17,5.28948544e+14
1.29036600e+04,1.13226236e+32,2.64960115e+30,1.24178132e+17,5.21031400e+14
1.29175200e+04,1.10537507e+32,2.65321114e+30,1.23097634e+17,5.13123510e+14
1.29313800e+04,1.07875484e+32,2.65679687e+30,1.22011262e+17,5.05224948e+14
1.29452400e+04,1.05240263e+32,2.66035804e+30,1.20918893e+17,4.97335790e+14
1.29591000e+04,1.02631945e+32,2.66389436e+30,1.19820398e+17,4.89456110e+14
1.29729600e+04,1.00050631e+32,2.66740550e+30,1.18715642e+17,4.81585983e+14
1.29868200e+04,9.74964253e+31,2.67089117e+30,1.17604488e+17,4.73725484e+14
1.30006800e+04,9.49694325e+31,2.67435104e+30,1.16486790e+17,4.65874690e+14
1.30145400e+04,9.24697606e+31,2.67778479e+30,1.15362398e+17,4.58033676e+14
1.30284000e+04,8.99975193e+31,2.68119209e+30,1.14231155e+17,4.50202521e+14
1.30422600e+04,8.75528209e+31,2.68457260e+30,1.13092898e+17,4.42381302e+14
1.30561200e+04,8.51357799e+31,2.68792598e+30,1.11947457e+17,4.34570095e+14
1.30699800e+04,8.27465135e+31,2.69125188e+30,1.10794655e+17,4.26768981e+14
1.30838400e+04,8.03851414e+31,2.69454995e+30,1.09634306e+17,4.18978038e+14
1.30977000e+04,7.80517864e+31,2.69781982e+30,1.08466218e+17,4.11197344e+14
1.31115600e+04,7.57465741e+31,2.70106112e+30,1.07290188e+17,4.03426981e+14
1.31254200e+04,7.34696333e+31,2.70427347e+30,1.06106005e+17,3.95667029e+14
1.31392800e+04,7.12210961e+31,2.70745649e+30,1.04913447e+17,3.87917570e+14
1.31531400e+04,6.90010980e+31,2.71060978e+30,1.03712282e+17,3.80178684e+14
1.31670000e+04,6.68097782e+31,2.71373293e+30,1.02502268e+17,3.72450454e+14
1.31808600e+04,6.46472800e+31,2.71682554e+30,1.01283148e+17,3.64732964e+14
1.31947200e+04,6.25137505e+31,2.71988717e+30,1.00054655e+17,3.57026297e+14
1.32085800e+04,6.04093413e+31,2.72291739e+30,9.88165071e+16,3.49330538e+14
1.32224400e+04,5.83342085e+31,2.72591577e+30,9.75684063e+16,3.41645771e+14
1.32363000e+04,5.62885133e+31,2.72888184e+30,9.63100401e+16,3.33972084e+14
1.32501600e+04,5.42724218e+31,2.73181513e+30,9.50410780e+16,3.26309561e+14
1.32640200e+04,5.22861057e+31,2.73471516e+30,9.37611714e+16,3.18658292e+14
1.32778800e+04,5.03297425e+31,2.73758145e+30,9.24699513e+16,3.11018363e+14
1.32917400e+04,4.84035160e+31,2.74041348e+30,9.11670271e+16,3.03389864e+14
1.33056000e+04,4.65076164e+31,2.74321072e+30,8.98519846e+16,2.95772886e+14
1.33194600e+04,4.46422412e+31,2.74597265e+30,8.85243839e+16,2.88167519e+14
1.33333200e+04,4.28075953e+31,2.74869871e+30,8.71837576e+16,2.80573856e+14
1.33471800e+04,4.10038915e+31,2.75138831e+30,8.58296074e+16,2.72991988e+14
1.33610400e+04,3.92313516e+31,2.75404088e+30,8.44614024e+16,2.65422010e+14
1.33749000e+04,3.74902064e+31,2.75665580e+30,8.30785747e+16,2.57864018e+14
1.33887600e+04,3.57806966e+31,2.75923244e+30,8.16805169e+16,2.50318107e+14
1.34026200e+04,3.41030739e+31,2.76177014e+30,8.02665773e+16,2.42784375e+14
1.34164800e+04,3.24576013e+31,2.76426823e+30,7.88360557e+16,2.35262921e+14
1.34303400e+04,3.08445543e+31,2.76672599e+30,7.73881981e+16,2.27753844e+14
1.34442000e+04,2.92642220e+31,2.76914270e+30,7.59221903e+16,2.20257246e+14
1.34580600e+04,2.77169083e+31,2.77151758e+30,7.44371519e+16,2.12773231e+14
1.34719200e+04,2.62029329e+31,2.77384985e+30,7.29321274e+16,2.05301902e+14
1.34857800e+04,2.47226329e+31,2.77613867e+30,7.14060778e+16,1.97843366e+14
1.34996400e+04,2.32763647e+31,2.77838316e+30,6.98578695e+16,1.90397731e+14
1.35135000e+04,2.18645055e+31,2.78058242e+30,6.82862617e+16,1.82965106e+14
1.35273600e+04,2.04874554e+31,2.78273549e+30,6.66898921e+16,1.75545603e+14
1.35412200e+04,1.91456401e+31,2.78484135e+30,6.50672591e+16,1.68139336e+14
1.35550800e+04,1.78395135e+31,2.78689894e+30,6.34167011e+16,1.60746421e+14
1.35689400e+04,1.65695609e+31,2.78890713e+30,6.17363712e+16,1.53366975e+14
1.35828000e+04,1.53363028e+31,2.79086474e+30,6.00242075e+16,1.46001121e+14
1.35966600e+04,1.41402990e+31,2.79277047e+30,5.82778954e+16,1.38648982e+14
1.36105200e+04,1.29821541e+31,2.79462299e+30,5.64948224e+16,1.31310684e+14
1.36243800e+04,1.18625232e+31,2.79642083e+30,5.46720207e+16,1.23986357e+14
1.36382400e+04,1.07821196e+31,2.79816242e+30,5.28060959e+16,1.16676135e+14
1.36521000e+04,9.74172319e+30,2.79984607e+30,5.08931348e+16,1.09380155e+14
1.36659600e+04,8.74219179e+30,2.80146995e+30,4.89285869e+16,1.02098558e+14
1.36798200e+04,7.78447411e+30,2.80303205e+30,4.69071076e+16,9.48314903e+13
1.36936800e+04,6.86962688e+30,2.80453016e+30,4.48223485e+16,8.75791031e+13
1.37075400e+04,5.99883633e+30,2.80596182e+30,4.26666691e+16,8.03415534e+13
1.37214000e+04,5.17344629e+30,2.80732430e+30,4.04307338e+16,7.31190048e+13
1.37352600e+04,4.39499553e+30,2.80861449e+30,3.81029279e+16,6.59116282e+13
1.37491200e+04,3.66526885e+30,2.80982887e+30,3.56684860e+16,5.87196031e+13
1.37629800e+04,2.98636901e+30,2.81096329e+30,3.31081355e+16,5.15431192e+13
1.37768400e+04,2.36082213e+30,2.81201289e+30,3.03958751e+16,4.43823781e+13
1.37907000e+04,1.79173981e+30,2.81297173e+30,2.74950972e+16,3.72375958e+13
1.38045600e+04,1.28308474e+30,2.81383235e+30,2.43512275e+16,3.01090069e+13
1.38184200e+04,8.40145788e+29,2.81458496e+30,2.08760285e+16,2.29968697e+13
1.38322800e+04,4.70503223e+29,2.81521571e+30,1.69078013e+16,1.59014753e+13
1.38461400e+04,1.86453587e+29,2.81570250e+30,1.20755877e+16,8.82316532e+12
1.38600000e+04,1.48359507e+28,2.81599785e+30,4.81037635e+15,1.76237481e+12
